tree
version=v4
num_class=1
num_tree_per_iteration=1
label_index=0
max_feature_idx=12
objective=binary sigmoid:1
feature_names=tx_amount customer_nb_tx_1d customer_avg_amount_1d customer_nb_tx_7d customer_avg_amount_7d customer_nb_tx_30d customer_avg_amount_30d terminal_nb_tx_1d terminal_risk_1d terminal_nb_tx_7d terminal_risk_7d terminal_nb_tx_30d terminal_risk_30d
feature_infos=[0:982.35000000000002] [1:14] [0.01:982.35000000000002] [1:46] [0.70999999999999996:382.42250000000001] [1:150] [3.1025:223.34230769230771] [0:9] [0:1] [0:27] [0:1] [3:72] [0:1]
tree_sizes=1682 1699 1704 1705 1726 1718 1728 1714 1729 1721 1713 1739 1714 1724 1741 1729 1735 1736 1717 1724 1726 1724 1726 1720 1732 1725 1728 1737 1727 1720 1739 1717 1737 1732 1737 1729 1730 1728 1741 1727 1749 1733 1715 1750 1740 1735 1701 1751 1738 1722 1721 1749 1731 1714 1738 1721 1730 1733 1723 1732 1727 1723 1755 1736 1748 1742 1714 1722 1758 1737 1738 1708 1738 1713 1739 1727 1733 1721 1707 1723 1726 1715 1728 1721 1713 1727 1726 1731 1741 1728 1733 1739 1714 1727 1714 1745 1719 1731 1722 1733 1711 1729 1723 1732 1763 1719 1734 1726 1762 1730 1721 1740 1732 1727 1718 1735

Tree=0
num_leaves=15
num_cat=0
split_feature=10 0 12 4 12 6 8 7 12 12 9 2 6 9
split_gain=48102.8 34650.7 18924.4 5070.39 3680.17 2725.63 919.274 1351.69 729.149 661.227 651.836 447.355 534.962 306.982
threshold=0.34523809523809529 199.34500000000006 0.69732205778717427 123.19500000000001 0.065591397849462371 78.420119047619053 0.58333333333333337 1.5000000000000002 0.75304878048780499 0.57735042735042741 5.5000000000000009 143.69833333333335 90.192036199095028 8.5000000000000018
decision_type=2 2 2 2 2 2 2 2 2 2 2 2 2 2
left_child=1 6 4 5 -2 -3 -1 -8 13 -6 -11 -7 -13 -4
right_child=2 3 8 -5 9 11 7 -9 -10 10 -12 12 -14 -15
leaf_value=-4.7222444271246733 -4.2865896167064621 0.3663601839143551 -3.4213955928348088 0.54124808595807394 0.66988188084392331 -3.2604186375043467 -4.1082763813982401 0.26508329148788423 -4.4093556039157544 -2.2946312826763733 0.12610888910272067 -0.31422053319138854 -2.6420535706306394 -1.122410134754448
leaf_weight=1834.8311989922076 0.44306052941828777 0.82282669749110837 0.3797661680728196 2.595068815164268 5.3348104562610388 2.2333867503330116 2.540816505439579 0.18988308403640974 3.4992739772424102 0.38880821969360091 0.97654157504439354 0.31647180672734965 1.1212144009768961 0.23509334214031696
leaf_count=202922 49 91 42 287 590 247 281 21 387 43 108 35 124 26
internal_value=-4.68753 -4.70742 -1.42905 -1.21844 0.126757 -2.2346 -4.72088 -3.80417 -4.13033 0.418598 -0.563241 -2.81758 -2.12964 -2.54237
internal_weight=1855.91 1844.65 11.2574 7.08897 7.14322 4.4939 1837.56 2.7307 4.11413 6.70016 1.36535 3.67107 1.43769 0.61486
internal_count=205253 204008 1245 784 790 497 203224 302 455 741 151 406 159 68
is_linear=0
shrinkage=1


Tree=1
num_leaves=15
num_cat=0
split_feature=10 0 4 6 0 4 6 0 0 6 12 11 9 12
split_gain=823.174 887.965 86.3717 128.651 124.962 58.8678 71.1485 134.163 106.158 1306.1 38.0545 71.1591 382.485 125.996
threshold=0.14835164835164838 180.87000000000003 123.19500000000001 80.740688844086037 94.075000000000003 123.19500000000001 90.192036199095028 199.34500000000006 199.34500000000006 72.27552230551801 0.71611721611721624 28.500000000000004 6.5000000000000009 0.88516483516483524
decision_type=2 2 2 2 2 2 2 2 2 2 2 2 2 2
left_child=1 2 -1 4 -4 6 8 -8 9 -3 -2 12 -12 -14
right_child=10 5 3 -5 -6 -7 7 -9 -10 -11 11 -13 13 -15
leaf_value=-0.036046178089243062 0.076609005913361103 4.3706828998480312 0.33965473824346132 0.065063986138246238 1.9520660028852781 0.07434025629983082 -0.016975557491583255 0.29568961119456266 0.081136521976527376 0.011408853070081262 0.085846914890060355 0.094815630602989046 2.3297661472517275 0.82677340247310704
leaf_weight=1745.5381209002808 186.05651266407222 0.19225863926112552 0.38451727852225204 10.388459941372274 0.17478058114647865 65.353044418618083 4.4815526725724348 14.635335560888052 32.391516864299774 1.6167203756049273 2.0509606841951595 6.8565397700294852 0.27306630462408055 0.2849387526512146
leaf_count=199601 2381 22 44 1183 20 333 512 319 178 185 141 287 23 24
internal_value=-0.016045 -0.0262248 -0.0351681 0.104834 0.843533 0.106148 0.145137 0.222392 0.101954 0.474713 0.0815844 0.179381 0.401626 1.56228
internal_weight=2070.68 1875.16 1756.49 10.9478 0.559298 118.67 53.3174 19.1169 34.2005 1.80898 195.522 9.46551 2.60897 0.558005
internal_count=205253 202397 200848 1247 64 1549 1216 831 385 207 2856 475 188 47
is_linear=0
shrinkage=0.05


Tree=2
num_leaves=15
num_cat=0
split_feature=10 0 4 3 5 0 8 2 6 3 0 4 6 0
split_gain=746.965 744.895 70.8465 45.9491 65.558 42.0462 25.746 21.3401 26.6423 44.2045 33.6499 18.6331 55.9065 77.1925
threshold=0.14835164835164838 180.87000000000003 123.19500000000001 16.500000000000004 84.500000000000014 128.97500000000002 0.83333333333333337 174.21650000000002 109.31165644778483 22.500000000000004 64.085000000000022 123.19500000000001 89.812184773988903 199.34500000000006
decision_type=2 2 2 2 2 2 2 2 2 2 2 2 2 2
left_child=1 2 6 -4 5 7 -1 8 9 10 -5 12 -3 -14
right_child=-2 11 3 4 -6 -7 -8 -9 -10 -11 -12 -13 13 -15
leaf_value=-0.035729634857213935 0.076741779151109968 0.072793719593877884 -0.024012289478095736 1.3083511553396754 0.069108793695834503 0.82724273066497911 0.13925322495346723 0.036972848571955402 0.080437715317449948 -0.050484321707499828 0.48341843530704981 0.072102135066524117 -0.01713985283504238 0.21214072460440497
leaf_weight=1682.6962961964309 196.34872250631452 38.291040549054742 5.611909529194234 0.22076270356774352 5.0094880815595388 0.45522352959960688 2.1047542672604314 0.57000165991485108 0.38193485233932734 0.18918076902627945 0.28093115240335464 64.045707916840911 4.5046426281332996 19.835501119494438
leaf_count=199464 2856 368 550 20 499 34 137 55 41 20 28 333 523 325
internal_value=-0.0159215 -0.0258953 -0.0346235 0.0829372 0.167382 0.402028 -0.035511 0.284201 0.415557 0.600821 0.846417 0.0910655 0.110457 0.169708
internal_weight=2020.55 1824.2 1697.52 12.7194 7.10752 2.09803 1684.8 1.64281 1.07281 0.690875 0.501694 126.677 62.6312 24.3401
internal_count=205253 202397 200848 1247 697 198 199601 164 109 68 48 1549 1216 848
is_linear=0
shrinkage=0.05


Tree=3
num_leaves=15
num_cat=0
split_feature=10 0 4 3 5 0 1 8 8 7 10 7 9 12
split_gain=686.872 678.362 58.7417 33.7549 39.05 26.6633 42.779 21.8169 20.0909 51.491 43.7344 75.2557 168.464 61.9554
threshold=0.14835164835164838 170.59500000000003 123.19500000000001 16.500000000000004 55.500000000000007 125.33500000000002 2.5000000000000004 0.83333333333333337 0.83333333333333337 1.0000000180025095e-35 0.34523809523809529 1.5000000000000002 5.5000000000000009 0.043961352657004842
decision_type=2 2 2 2 2 2 2 2 2 2 2 2 2 2
left_child=1 2 7 -4 -5 -6 -7 -1 9 -2 11 12 -10 -14
right_child=8 -3 3 4 5 6 -8 -9 10 -11 -12 -13 13 -15
leaf_value=-0.035410472200220887 0.071125858632427333 0.08216983005047733 -0.03167351318949118 0.7425822373561688 0.067524441173193242 0.77041944804091955 0.1531374508111856 0.1152022810921243 0.084569419499214538 -0.04158680344212129 0.079118883687833791 0.082903826115906368 0.52987380722516686 1.3043162206616052
leaf_weight=1618.6295788362622 67.107738530263305 135.34246631525457 5.2459396831691256 0.25193784851580758 6.7595673473551852 0.36489946208894242 1.2160099493339656 2.4079931098967782 1.4757160842418664 11.934757815673946 108.84521533735096 4.3086356520652771 0.51650062948465325 0.51650062948465347
leaf_count=198729 1184 2321 524 12 581 17 76 137 80 843 675 18 28 28
internal_value=-0.0156013 -0.0254055 -0.0343111 0.0682672 0.129284 0.110758 0.295616 -0.0351867 0.0735361 0.0541072 0.0868135 0.209665 0.427374 0.917095
internal_weight=1964.92 1770.22 1634.88 13.8384 8.59241 8.34048 1.58091 1621.04 194.705 79.0425 115.663 6.81735 2.50872 1.033
internal_count=205253 202397 200076 1210 686 674 93 198866 2856 2027 829 154 136 56
is_linear=0
shrinkage=0.05


Tree=4
num_leaves=15
num_cat=0
split_feature=10 0 4 3 0 6 6 4 8 7 12 4 10 5
split_gain=628.633 622.193 53.7336 23.4922 19.5907 3851.19 60.7814 339.861 17.6506 46.6539 26.7406 57.3143 23.7163 20.3712
threshold=0.14835164835164838 180.87000000000003 123.19500000000001 15.500000000000002 115.95500000000001 45.374435714285724 57.319809160305347 67.770476190476202 0.83333333333333337 1.0000000180025095e-35 0.71611721611721624 8.8361250000000027 0.34523809523809529 96.500000000000014
decision_type=2 2 2 2 2 2 2 2 2 2 2 2 2 2
left_child=1 2 4 -4 -1 -6 7 -7 9 -2 12 -12 -10 -13
right_child=8 -3 3 -5 5 6 -8 -9 10 -11 11 13 -14 -15
leaf_value=-0.036063430394768774 0.067955288732170757 0.080610605809140312 -0.030409737082826422 0.10212519990268372 6.0240964765172667 -0.0020650652629749205 -0.031552724768423926 2.492554374334417 0.15713515647706464 -0.040624035855743534 3.2493478741134996 0.22114397318737172 0.069694569050814156 0.025816382406267064
leaf_weight=1446.2761426605284 66.736474549397826 129.16002935077995 4.9228552989661685 10.421770846471189 0.26339604612439771 1.0342049123719324 124.66647490765899 0.15729738399386395 8.4089464247226697 11.614962230436502 0.015150921419261887 5.1735594943165779 99.658360093832016 1.7990000601857898
leaf_count=183670 1184 1549 504 743 33 130 15748 20 154 843 1 131 488 55
internal_value=-0.0152951 -0.0249218 -0.0335067 0.0596054 -0.0344153 -0.0155161 -0.0281558 0.327265 0.0701632 0.0518593 0.082628 0.177422 0.0764985 0.170747
internal_weight=1910.31 1716.9 1587.74 15.3446 1572.4 126.121 125.858 1.1915 193.406 78.3514 115.055 6.98771 108.067 6.97256
internal_count=205253 202397 200848 1247 199601 15931 15898 150 2856 2027 829 187 642 186
is_linear=0
shrinkage=0.05


Tree=5
num_leaves=15
num_cat=0
split_feature=10 0 4 8 3 8 7 5 10 12 11 0 12 0
split_gain=585.494 578.721 49.6315 19.6703 18.6786 15.8576 42.2772 15.3225 14.9588 17.1556 19.4767 28.6848 15.1574 13.244
threshold=0.14835164835164838 180.87000000000003 123.19500000000001 0.83333333333333337 15.500000000000002 0.83333333333333337 1.0000000180025095e-35 84.500000000000014 0.34523809523809529 0.70135135135135152 31.500000000000004 29.465000000000003 0.80707196029776684 21.925000000000004
decision_type=2 2 2 2 2 2 2 2 2 2 2 2 2 2
left_child=1 2 3 -1 -4 6 -2 -6 -7 -10 11 -11 -13 -5
right_child=5 -3 4 13 7 8 -8 -9 9 10 -12 12 -14 -15
leaf_value=-0.034785445517254834 0.064919971645328228 0.076518523713237155 -0.029779136444269563 0.32558492397242467 0.15595730946949701 0.14133730959847129 -0.039645575405647872 0.038851564472641216 0.067359474412782588 0.042574744807362563 0.074388062384848713 0.49553070746115546 0.23758256183426152 0.04568285451605697
leaf_weight=1522.5786528242752 66.373378071933985 129.26098937541246 4.7794255977496531 0.53110820055007879 4.8034303216263634 8.8688275814056379 11.314291425980626 6.6747161950916052 95.795523226261139 1.4922791896387915 5.3369794311001897 0.81745492294430766 1.8776253247633574 2.068899879232049
leaf_count=199464 1184 1549 504 28 232 154 843 511 478 31 101 19 46 109
internal_value=-0.0156025 -0.0251028 -0.0336245 -0.0345508 0.0532752 0.0671179 0.0496912 0.0878585 0.078974 0.0737225 0.137721 0.218443 0.315822 0.102859
internal_weight=1862.57 1670.7 1541.44 1525.18 16.2576 191.876 77.6877 11.4781 114.189 105.32 9.52434 4.18736 2.69508 2.60001
internal_count=205253 202397 200848 199601 1247 2856 2027 743 829 675 197 96 65 137
is_linear=0
shrinkage=0.05


Tree=6
num_leaves=15
num_cat=0
split_feature=10 0 4 8 3 8 7 0 2 9 1 5 0 6
split_gain=538.159 531.858 45.3678 17.0627 15.1322 14.4207 38.3084 13.5398 14.1472 12.0996 21.3254 20.4388 13.5956 11.6249
threshold=0.14835164835164838 180.87000000000003 123.19500000000001 0.83333333333333337 15.500000000000002 0.83333333333333337 1.0000000180025095e-35 149.46500000000003 133.20300000000003 1.0000000180025095e-35 5.5000000000000009 96.500000000000014 54.235000000000007 102.0819934640523
decision_type=2 2 2 2 2 2 2 2 2 2 2 2 2 2
left_child=1 2 3 9 -4 6 -2 -6 -9 10 -1 -12 -13 -8
right_child=5 -3 4 -5 7 -7 13 8 -10 -11 11 12 -14 -15
leaf_value=0.0086936554963323049 0.062003517608547498 0.072663566595674425 -0.029143962798554884 0.087466150710859655 0.057607713784110982 0.075635062026912822 -0.061427232390389032 0.031435202999419057 0.34810978889874344 -0.03442600676329715 -0.050372437799272973 0.29046471721158368 0.97100094580626739 0.077030832980939545
leaf_weight=2.5395257356576617 66.029640009626746 129.31117195729166 4.6429143147543099 2.8863634001463643 11.004134536720811 113.20519280619919 9.2170832911506277 0.5937375035136927 0.86867905780673027 1468.6101240697317 0.17613525968044985 0.14669771306216717 0.1468610530719161 1.8143953764811147
leaf_count=346 1184 1549 504 137 687 829 801 28 28 199054 24 20 20 42
internal_value=-0.0152726 -0.0246104 -0.0330433 -0.0339826 0.0479074 0.064278 0.0475941 0.0766036 0.219541 -0.0342208 0.0659367 0.375437 0.630922 -0.0386544
internal_weight=1811.19 1620.93 1491.62 1474.51 17.1095 190.266 77.0611 12.4666 1.46242 1471.62 3.00922 0.469694 0.293559 11.0315
internal_count=205253 202397 200848 199601 1247 2856 2027 743 56 199464 410 64 40 843
is_linear=0
shrinkage=0.05


Tree=7
num_leaves=15
num_cat=0
split_feature=10 0 4 8 8 7 3 4 6 0 4 0 6 5
split_gain=496.917 488.899 41.6222 15.1289 13.7976 34.6922 12.4539 12.1244 12.0719 23.575 11.9144 19.6278 15.1498 13.7512
threshold=0.14835164835164838 180.87000000000003 123.19500000000001 0.83333333333333337 0.83333333333333337 1.0000000180025095e-35 15.500000000000002 96.332565789473691 97.352342549923193 77.585000000000022 123.19500000000001 199.34500000000006 84.189971224276263 111.50000000000001
decision_type=2 2 2 2 2 2 2 2 2 2 2 2 2 2
left_child=1 2 3 -1 5 -2 -4 -3 9 -8 11 12 -9 -13
right_child=4 7 6 -5 -6 -7 8 10 -10 -11 -12 13 -14 -15
leaf_value=-0.033647822934310977 0.059194152285449275 0.04168749449781816 -0.028504887247931356 0.076265185524300921 0.07325662814147875 -0.038215638571595038 0.023696673543030542 0.16094617043740933 0.037597701761626287 0.27274760271719783 0.06232168554885209 0.10101258118945132 -0.029130865532265113 0.20380351789050635
leaf_weight=1423.2482223855332 65.713595760054886 30.894096714444458 4.5129933990538147 3.1376558747142544 111.09088947437704 10.61722946166992 1.9861384853720658 1.3526683971285809 9.5754459584131819 1.8217593543231485 55.602274417877197 33.225000236183405 4.6589648127555847 3.6068595424294463
leaf_count=199464 1184 484 504 137 829 843 93 13 602 48 333 282 402 35
internal_value=-0.0149491 -0.0241152 -0.0324553 -0.033406 0.0620113 0.0456449 0.0433227 0.0690147 0.0675437 0.142847 0.0775904 0.0974062 0.0136381 0.111079
internal_weight=1761.04 1573.62 1444.28 1426.39 187.422 76.3308 17.8963 129.34 13.3833 3.8079 98.4458 42.8435 6.01163 36.8319
internal_count=205253 202397 200848 199601 2856 2027 1247 1549 743 141 1065 732 415 317
is_linear=0
shrinkage=0.05


Tree=8
num_leaves=15
num_cat=0
split_feature=10 0 4 12 8 8 7 6 0 6 4 2 2 0
split_gain=458.505 448.806 38.3184 13.9072 13.547 12.3734 31.6217 11.6173 313.471 400.262 107.686 94.5052 170.611 60.1722
threshold=0.14835164835164838 180.87000000000003 123.19500000000001 0.9298029556650248 0.83333333333333337 0.83333333333333337 1.0000000180025095e-35 37.509583333333339 65.145000000000024 25.627966666666669 47.109246411483262 44.501250000000006 29.465357142857147 117.38500000000001
decision_type=2 2 2 2 2 2 2 2 2 2 2 2 2 2
left_child=1 2 4 5 7 6 -2 8 10 -10 -1 12 -12 -11
right_child=3 -3 -4 -5 -6 -7 -8 -9 9 13 11 -13 -14 -15
leaf_value=-0.032943585857853085 0.058665494221952823 0.065388563784182188 0.039453941083845062 -0.051203096964010666 0.067253274428053469 0.072278662772005953 -0.036758992509431668 -0.036190823671950402 1.6863670484477578 0.36756460719383732 0.17745990504086318 0.053728105273506369 2.2824024756669963 0.066515438946576244
leaf_weight=428.05700824735686 64.131195259280503 129.63585292547941 18.586684415116906 2.7806729525327674 3.3735835924744597 107.83758050203323 10.041016102768479 940.99044380476698 0.48601671308278938 2.9910573298111558 0.21948342025279899 0.48041784623637795 0.17147142207249999 3.7293289005756378
leaf_count=62400 1121 1549 1247 138 137 783 814 136463 18 436 32 70 25 20
internal_value=-0.0146201 -0.0236124 -0.0318591 0.0597713 -0.0328192 0.0614667 0.0457475 -0.0330644 -0.0263188 0.300714 -0.0318132 0.523459 1.10068 0.200504
internal_weight=1713.51 1528.72 1399.09 184.79 1380.5 182.01 74.1722 1377.13 436.135 7.2064 428.928 0.871373 0.390955 6.72039
internal_count=205253 202397 200848 2856 199601 2718 1935 199464 63001 474 62527 127 57 456
is_linear=0
shrinkage=0.05


Tree=9
num_leaves=15
num_cat=0
split_feature=10 0 4 8 7 8 9 3 6 0 0 6 4 4
split_gain=423.791 413.038 35.5393 12.8993 28.5127 12.4719 12.0796 11.8895 11.5264 201.219 181.91 510.958 206.724 49.8302
threshold=0.14835164835164838 180.87000000000003 123.19500000000001 0.83333333333333337 1.0000000180025095e-35 0.36666666666666675 9.5000000000000018 14.500000000000002 41.33084913217624 76.965000000000018 114.62500000000001 32.54974226804125 48.488055555555569 49.465444444444451
decision_type=2 2 2 2 2 2 2 2 2 2 2 2 2 2
left_child=1 2 5 4 -2 8 -7 -3 9 13 11 -11 -13 -1
right_child=3 7 -4 -5 -6 6 -8 -9 -10 10 -12 12 -14 -15
leaf_value=-0.031583753830637377 0.053988273000291936 0.0350926898759703 0.03609723971709685 0.068871531989215015 -0.036177733504925091 0.1045537457406821 -0.057792873797093386 0.070592196584848041 -0.036024628157928784 2.0695566808669437 0.065475397531610802 0.041319379004567683 1.7778887816459843 0.19523382819443239
leaf_weight=463.75714729260653 65.040294916369021 30.995775270275772 19.280468103475869 106.75198560208082 10.1339551564306 3.2102574324235311 1.7817243156023321 98.666770000942051 858.37757137930021 0.47148131579160635 5.0498432097956538 1.6352503402158616 0.191437218338251 2.4341792357154182
leaf_count=69561 1184 394 1247 829 843 198 113 1155 129179 25 30 211 26 258
internal_value=-0.0143316 -0.023151 -0.0313022 0.057699 0.0418333 -0.0322742 0.0466094 0.0621061 -0.0325699 -0.0263075 0.233304 0.602079 0.223312 -0.0303994
internal_weight=1667.78 1485.85 1356.19 181.926 75.1743 1336.91 4.99198 129.663 1331.92 473.539 7.34801 2.29817 1.82669 466.191
internal_count=205253 202397 200848 2856 2027 199601 311 1549 199290 70111 292 262 237 69819
is_linear=0
shrinkage=0.05


Tree=10
num_leaves=15
num_cat=0
split_feature=10 0 4 12 4 6 6 6 0 6 4 4 2 6
split_gain=391.464 380.461 33.054 12.8676 12.1695 13.4745 19.1314 11.7875 182.546 54.3941 45.411 44.6229 34.6433 32.8495
threshold=0.14835164835164838 180.87000000000003 123.19500000000001 0.9298029556650248 96.332565789473691 69.000963669950764 78.02314384151596 37.509583333333339 65.145000000000024 19.375414768263948 48.819107142857156 43.274307692307701 63.13183333333334 32.082685349611545
decision_type=2 2 2 2 2 2 2 2 2 2 2 2 2 2
left_child=1 2 7 -2 5 -3 -7 8 11 -10 -11 12 -1 -13
right_child=3 4 -4 -5 -6 6 -8 -9 9 10 -12 13 -14 -15
leaf_value=-0.032257578412599346 0.057261248127335788 0.073968052366902237 0.033134452668420911 -0.051217673080272641 0.067763542412457883 -0.096183600087157067 0.030271162942134895 -0.035018658883050849 0.60515232035941002 0.10202097821022114 0.3901200859651362 0.3761070243552247 0.56301898001337924 0.050397726338576546
leaf_weight=401.16191900754347 176.69715247582644 11.999455973505976 19.936474216170609 2.7766374973580232 97.806409067474306 3.6718644127249744 16.130191811360419 880.14530119206756 0.69451260566711326 8.594097242690621 1.6266728518530715 1.0504348659887903 0.24456057231873174 2.9428815618157387
leaf_count=62172 2718 58 1247 138 1065 34 392 136556 11 444 22 70 38 288
internal_value=-0.0140652 -0.0227097 -0.0307572 0.055583 0.0590272 0.0321583 0.00682285 -0.0317397 -0.0248076 0.176969 0.147873 -0.0302403 -0.0318949 0.136075
internal_weight=1625.48 1446 1316.4 179.474 129.608 31.8015 19.8021 1296.46 416.315 10.9153 10.2208 405.4 401.406 3.99332
internal_count=205253 202397 200848 2856 1549 484 426 199601 63045 477 466 62568 62210 358
is_linear=0
shrinkage=0.05


Tree=11
num_leaves=15
num_cat=0
split_feature=10 0 4 8 7 9 0 0 8 6 3 2 12 6
split_gain=360.419 350.444 30.775 13.419 25.9305 11.9795 11.8581 29.436 11.7988 11.1992 11.1627 11.7855 10.4734 10.1929
threshold=0.14835164835164838 180.87000000000003 123.19500000000001 0.83333333333333337 1.0000000180025095e-35 1.0000000180025095e-35 14.565000000000003 10.235000000000001 0.36666666666666675 109.31165644778483 14.500000000000002 107.12650000000002 0.79361054766734285 41.33084913217624
decision_type=2 2 2 2 2 2 2 2 2 2 2 2 2 2
left_child=1 2 5 4 12 6 7 -1 13 -6 -3 -12 -2 -7
right_child=3 10 -4 -5 9 8 -8 -9 -10 -11 11 -13 -14 -15
leaf_value=-0.050344652955643526 0.053671460127278373 0.030161766518283558 0.030502646614896461 0.065060118782949622 -0.056714334503460861 -0.025692780286118645 0.029733914971218023 0.81272044540012167 0.044346840879910893 0.10010235445032692 0.018764214385997232 0.07103716846191277 -0.037121527919030561 -0.03510859039382172
leaf_weight=0.22892247606068794 61.154793702065945 31.269683024846017 20.5570157635957 102.93511606566608 8.9282847726717574 449.09051071107388 2.4956974908709526 0.17379971453920007 5.1189178591594091 1.3049231888726343 12.332897487096487 85.791183709166944 3.3503143265843383 798.42291864054278
leaf_count=34 1038 394 1247 829 821 69965 350 26 311 22 224 931 146 128915
internal_value=-0.0137471 -0.0222294 -0.0301797 0.0533514 0.0372254 -0.0311732 0.0703599 0.322122 -0.0314082 -0.0367173 0.0561768 0.0644672 0.0489558 -0.031719
internal_weight=1583.15 1405.48 1276.09 177.673 74.7383 1255.53 2.89842 0.402722 1252.63 10.2332 129.394 98.1241 64.5051 1247.51
internal_count=205253 202397 200848 2856 2027 199601 410 60 199191 843 1549 1155 1184 198880
is_linear=0
shrinkage=0.05


Tree=12
num_leaves=15
num_cat=0
split_feature=10 0 4 8 7 6 0 4 4 4 3 2 0 0
split_gain=332.515 322.49 28.6572 12.6814 23.5879 11.3675 163.942 42.7598 40.3613 38.8201 22.941 21.955 20.8886 19.6705
threshold=0.14835164835164838 180.87000000000003 123.19500000000001 0.83333333333333337 1.0000000180025095e-35 37.100875420875433 65.145000000000024 43.274307692307701 24.390250000000005 48.819107142857156 7.5000000000000009 63.13183333333334 54.235000000000007 75.165000000000006
decision_type=2 2 2 2 2 2 2 2 2 2 2 2 2 2
left_child=1 2 5 4 -2 6 7 11 -8 13 -9 -1 -12 -10
right_child=3 -3 -4 -5 -6 -7 8 10 9 -11 12 -13 -14 -15
leaf_value=-0.031106923555783664 0.046823481948378765 0.05345320747393182 0.028151683020951702 0.062995929683905924 -0.03625329329558926 -0.033876742923761395 0.5930479436007835 -0.019837222783010464 0.0011414993987065812 0.39027986019666161 0.183590370598471 0.3536876992590065 0.72390458908059951 0.16023195184539241
leaf_weight=374.8897344218567 64.077393697574735 129.19787091389298 21.144221409223974 101.0415833350271 9.8587348554283363 827.74404043890536 0.53346633911132713 1.5394334783777583 2.8962342608720046 1.4121199063956726 2.332199140451849 0.37106152065098186 0.193737182766199 5.9031998151913285
leaf_count=61473 1184 1549 1247 829 843 137350 8 108 269 19 181 34 29 130
internal_value=-0.0134193 -0.0217196 -0.0295586 0.0514815 0.0357459 -0.0305606 -0.0235236 -0.0289791 0.169072 0.146923 0.132307 -0.0307264 0.225032 0.107869
internal_weight=1543.14 1368.16 1238.96 174.978 73.9361 1217.82 390.071 379.326 10.745 10.2116 4.06537 375.261 2.52594 8.79943
internal_count=205253 202397 200848 2856 2027 199601 62251 61825 426 418 318 61507 210 399
is_linear=0
shrinkage=0.05


Tree=13
num_leaves=15
num_cat=0
split_feature=10 0 4 0 4 6 12 12 11 0 6 0 4 4
split_gain=306.38 296.887 25.9221 13.889 83.127 23.3241 13.0705 12.7576 12.4896 15.7953 11.2772 143.735 35.3799 32.3463
threshold=0.14835164835164838 170.59500000000003 123.19500000000001 199.34500000000006 147.30080882352945 69.000963669950764 0.057983193277310933 0.9298029556650248 29.500000000000004 5.5250000000000012 37.100875420875433 65.145000000000024 43.274307692307701 48.819107142857156
decision_type=2 2 2 2 2 2 2 2 2 2 2 2 2 2
left_child=1 2 10 4 5 -3 8 -8 -2 -10 11 12 -1 -13
right_child=6 3 -4 -5 -6 -7 7 -9 9 -11 -12 13 -14 -15
leaf_value=-0.030115257088435401 -0.017433529168950357 0.10285088691656355 0.025703513034347331 0.05627264106262099 0.65350775328534005 -0.025471569259428967 0.056971867857078466 -0.051261094860298929 0.39217841592178249 0.0447218227485357 -0.033537192468858085 0.1237007285467666 0.10849812756718941 0.38763230893727829
leaf_weight=364.06946833431721 13.164741413202139 4.3993905154056909 21.144077145494521 112.12863667309284 0.49666218832135101 18.151165004819632 146.68691024882719 2.7741175107657901 0.33827232802286644 9.895059497561304 795.6874684295617 9.6178756607696396 4.6624323916621497 1.3202133215963829
leaf_count=61507 762 25 1210 776 25 1495 1398 138 24 534 136618 406 318 17
internal_value=-0.0131026 -0.0212318 -0.029167 0.0490065 0.0136552 -0.000437126 0.049523 0.054963 0.0147739 0.0562073 -0.0301541 -0.0230639 -0.0283626 0.155557
internal_weight=1504.54 1331.68 1196.5 135.176 23.0472 22.5506 172.859 149.461 23.3981 10.2333 1175.36 379.67 368.732 10.9381
internal_count=205253 202397 200076 2321 1545 1520 2856 1536 1320 558 198866 62248 61825 423
is_linear=0
shrinkage=0.05


Tree=14
num_leaves=15
num_cat=0
split_feature=10 0 4 0 4 6 12 12 8 9 1 3 11 12
split_gain=282.543 273.384 24.2283 12.7343 38.4048 21.6316 12.6844 11.7328 11.3298 11.2587 11.8029 11.9968 10.9427 13.2944
threshold=0.14835164835164838 170.59500000000003 123.19500000000001 199.34500000000006 147.30080882352945 69.000963669950764 0.057983193277310933 0.9298029556650248 0.36666666666666675 1.0000000180025095e-35 5.5000000000000009 31.500000000000004 31.500000000000004 0.028174603174603175
decision_type=2 2 2 2 2 2 2 2 2 2 2 2 2 2
left_child=1 2 8 4 5 -3 12 -8 9 10 -1 -12 -2 -14
right_child=6 3 -4 -5 -6 -7 7 -9 -10 -11 11 -13 13 -15
leaf_value=0.014319039822330513 -0.010953706490187218 0.10042924752504689 0.023833210899978752 0.053656865393187619 0.3301186201000913 -0.024763999504690454 0.055130856586460997 -0.051198670176516359 0.044856986352116039 -0.030149617448809563 0.4045842117727676 -0.050715209547676221 -0.051156081946117607 0.096756626929532796
leaf_weight=2.3188058584928508 15.48322185687721 4.2831082753837171 21.649602457880974 111.72585500776768 0.9152734074741592 17.746740167494863 144.07372180279344 2.6419584704563013 5.0917565519921473 1132.1341765276156 0.43939797254279245 0.21570637775585055 2.0130151361227018 6.1919906102120876
leaf_count=345 896 25 1210 776 25 1495 1398 138 311 198146 47 17 136 288
internal_value=-0.0127935 -0.0207489 -0.0285657 0.0466892 0.0127617 -0.000423558 0.0477347 0.0532161 -0.0295606 -0.0298944 0.067264 0.254668 0.0137849 0.0604677
internal_weight=1466.92 1296.52 1161.85 134.671 22.9451 22.0298 170.404 146.716 1140.2 1135.11 2.97391 0.655104 23.6882 8.20501
internal_count=205253 202397 200076 2321 1545 1520 2856 1536 198866 198555 409 64 1320 424
is_linear=0
shrinkage=0.05


Tree=15
num_leaves=15
num_cat=0
split_feature=10 0 4 8 7 0 4 6 6 0 4 4 6 0
split_gain=260.386 251.746 22.6341 12.8018 20.9426 11.5044 24.9642 20.119 11.2961 125.038 28.5687 23.7294 29.9052 27.6859
threshold=0.14835164835164838 170.59500000000003 123.19500000000001 0.83333333333333337 1.0000000180025095e-35 199.34500000000006 147.30080882352945 69.000963669950764 37.509583333333339 65.145000000000024 43.274307692307701 48.819107142857156 29.970234234234237 91.595000000000013
decision_type=2 2 2 2 2 2 2 2 2 2 2 2 2 2
left_child=1 2 8 4 -2 6 7 -3 9 10 -1 12 -11 -14
right_child=3 5 -4 -5 -6 -7 -8 -9 -10 11 -12 -13 13 -15
leaf_value=-0.028968685482981163 0.040877398980973256 0.098420875856861864 0.022138811152266839 0.05805490508984839 -0.037323909026665616 0.051141276500586356 0.23106870485719228 -0.024060263435416878 -0.032470240326913279 0.20771304368865315 0.087268846182927851 0.30368236525111064 -0.020074088099607236 0.23316107759487883
leaf_weight=347.12062925985083 62.635390250012279 4.1551906112581554 22.128391421400011 95.41578983142972 9.9168577580712718 111.36992753297091 1.2314347755163897 17.362447237595916 742.86457168590277 4.3035037387162429 5.367874175310134 1.7806829810142506 4.8444787664338946 1.3887201510369775
leaf_count=62210 1184 25 1210 829 843 776 25 1495 135824 56 358 20 380 18
internal_value=-0.0124704 -0.0202432 -0.0279316 0.0460182 0.0301884 0.0445228 0.0121217 -0.000408388 -0.0289319 -0.0217266 -0.0271986 0.134867 0.106337 0.0363452
internal_weight=1431.89 1263.92 1129.8 167.968 72.5522 134.119 22.7491 21.5176 1107.67 364.806 352.489 12.3174 10.5367 6.2332
internal_count=205253 202397 200076 2856 2027 2321 1545 1520 198866 63042 62568 474 454 398
is_linear=0
shrinkage=0.05


Tree=16
num_leaves=15
num_cat=0
split_feature=10 0 4 10 11 3 2 12 12 6 0 4 4 6
split_gain=239.652 232.045 21.1891 12.9373 26.4446 11.6148 12.2918 11.6142 11.3377 10.8908 111.934 27.6334 18.1478 30.6555
threshold=0.14835164835164838 170.59500000000003 123.19500000000001 0.51666666666666672 29.500000000000004 14.500000000000002 107.12650000000002 0.028174603174603175 0.9298029556650248 37.100875420875433 65.145000000000024 43.274307692307701 41.798285714285718 29.970234234234237
decision_type=2 2 2 2 2 2 2 2 2 2 2 2 2 2
left_child=1 2 9 4 -2 -3 -7 -6 -5 10 11 -1 13 -12
right_child=3 5 -4 8 7 6 -8 -9 -10 -11 12 -13 -14 -15
leaf_value=-0.028241800364046006 -0.014887394312509844 0.016777835435544255 0.020598354217831221 0.054634228563778253 -0.051165487624947936 0.0081877178896920394 0.058080957159818217 0.077408583941948467 -0.051209779803120192 -0.031843516396741454 0.19169435934415635 0.085532290626962965 0.22516472756782924 0.0012894292600470906
leaf_weight=333.52996222674847 23.615788356866688 33.11180927651003 22.581960994750261 120.84300510864705 1.95687014423311 14.411821938585488 86.056166615802795 17.144291936419904 2.5841667912900439 724.34462402295321 3.9451962597668153 5.4236615616828194 3.4844252783805123 4.5541855683550239
leaf_count=61507 994 603 1210 979 136 410 1308 612 135 136618 52 318 66 305
internal_value=-0.0121584 -0.0197635 -0.0273344 0.0442101 0.0204934 0.0424598 0.0509239 0.0642365 0.0524182 -0.028341 -0.0211117 -0.0264213 0.129067 0.0896705
internal_weight=1397.59 1231.44 1097.86 166.144 42.717 133.58 100.468 19.1012 123.427 1075.28 350.937 338.954 11.9838 8.49938
internal_count=205253 202397 200076 2856 1742 2321 1718 748 1114 198866 62248 61825 423 357
is_linear=0
shrinkage=0.05


Tree=17
num_leaves=15
num_cat=0
split_feature=10 0 4 10 11 8 9 0 6 6 12 11 6 0
split_gain=220.746 213.548 19.8378 12.62 23.2412 10.7906 10.5845 10.5344 18.5044 18.9774 10.458 10.2568 13.098 60.0428
threshold=0.14835164835164838 170.59500000000003 123.19500000000001 0.51666666666666672 29.500000000000004 0.36666666666666675 1.0000000180025095e-35 199.34500000000006 114.08756666666667 69.000963669950764 0.9298029556650248 51.500000000000007 12.8332394924663 17.815000000000001
decision_type=2 2 2 2 2 2 2 2 2 2 2 2 2 2
left_child=1 2 5 4 -2 6 -1 8 9 -3 -5 -8 13 -13
right_child=3 7 -4 10 -6 -7 11 -9 -10 -11 -12 12 -14 -15
leaf_value=0.065339898607806632 -0.014256440262980181 0.096346932480861736 0.019193391168937424 0.05298840916367397 0.059585045814752484 0.044935803038544969 -0.028971797709834858 0.046724835942343834 0.17924917866061627 -0.024490059060244086 -0.051149935474998534 0.060959403189782935 -0.0027234262965068865 1.2490400583451575
leaf_weight=3.0222752410918465 23.432708125561476 3.9840477118268671 23.011723979376256 118.42898603249341 19.543520025908947 5.0827758652158073 1021.4738709516823 110.57030518352985 1.5028250762261439 17.61576596647501 2.4609388392418614 1.3486228850670148 13.652353601064531 0.11544631700962771
leaf_count=409 994 25 1210 979 748 311 195243 776 47 1473 135 257 2624 22
internal_value=-0.0118433 -0.0192686 -0.0267275 0.0425953 0.0193231 -0.027739 -0.0280943 0.0403088 0.00960149 -0.00220189 0.0508685 -0.0283668 0.012518 0.154643
internal_weight=1365.25 1201.38 1067.71 163.866 42.9762 1044.7 1039.61 133.673 23.1026 21.5998 120.89 1036.59 15.1164 1.46407
internal_count=205253 202397 200076 2856 1742 198866 198555 2321 1545 1498 1114 198146 2903 279
is_linear=0
shrinkage=0.05


Tree=18
num_leaves=15
num_cat=0
split_feature=10 0 8 2 6 3 5 4 6 6 12 12 12 3
split_gain=203.571 197.083 30.8244 24.2705 28.8952 31.6848 46.1114 11.5133 13.9998 16.4348 9.31215 9.32072 21.7503 15.7764
threshold=0.20714285714285716 180.87000000000003 0.83333333333333337 143.69833333333335 72.27552230551801 10.500000000000002 79.500000000000014 96.332565789473691 69.000963669950764 78.02314384151596 0.80707196029776684 0.057983193277310933 0.067231638418079109 24.500000000000004
decision_type=2 2 2 2 2 2 2 2 2 2 2 2 2 2
left_child=1 2 3 -1 5 -5 -7 8 -3 -10 11 -2 13 -13
right_child=10 7 -4 4 -6 6 -8 -9 9 -11 -12 12 -14 -15
leaf_value=-0.027039339232013283 -0.0032272563948721614 0.064757770449460114 0.062747261404233368 0.037051581688240985 0.020375708726546694 0.2321770441812869 1.3895309220555521 0.048897741641940107 -0.10801476935396277 0.01088919844171389 0.002513938042631403 0.10615816016825935 0.049090100090052727 0.34707617772358257
leaf_weight=1040.2079923450947 7.9861989887431255 9.6966765820980054 9.8488439507782441 0.42402908904477854 14.507335951086132 0.22622901806607842 0.13890625489875674 96.227030903100967 3.4205680321902063 19.322384747676551 11.69682893110439 2.1478181057609613 118.41460235603154 0.99401720613241185
leaf_count=200027 404 58 228 12 1611 17 26 1073 34 392 344 53 945 29
internal_value=-0.0115243 -0.0182388 -0.0252984 -0.0261199 0.0364036 0.331047 0.672462 0.0402136 0.0144536 -0.0069941 0.0452397 0.0490975 0.0525352 0.18238
internal_weight=1335.26 1194.02 1065.35 1055.5 15.2965 0.789164 0.365135 128.667 32.4396 22.743 141.239 129.543 121.556 3.14184
internal_count=205253 203478 201921 201693 1666 55 43 1557 484 426 1775 1431 1027 82
is_linear=0
shrinkage=0.05


Tree=19
num_leaves=15
num_cat=0
split_feature=10 0 8 4 3 2 6 0 4 3 6 11 7 3
split_gain=187.374 181.269 27.7652 18.8193 10.5542 10.8661 9.85886 84.801 24.5135 38.1324 14.4692 11.2505 18.337 16.8353
threshold=0.20714285714285716 170.59500000000003 0.83333333333333337 123.19500000000001 14.500000000000002 107.12650000000002 41.33084913217624 70.035000000000011 51.146571428571434 19.500000000000004 38.459508547008554 50.500000000000007 1.5000000000000002 15.500000000000002
decision_type=2 2 2 2 2 2 2 2 2 2 2 2 2 2
left_child=1 2 3 6 -3 -6 7 8 11 -10 -9 -1 -13 -14
right_child=-2 4 -4 -5 5 -7 -8 10 9 -11 -12 12 13 -15
leaf_value=-0.027238807721318637 0.043663391318532918 0.012642420628719312 0.056613515115164742 0.018977462941511678 0.0050667875153849184 0.051732817702016404 -0.030502528088947101 0.12984073286353878 0.046645015643051596 0.58730688208496573 0.00687023736593316 -0.050298537595971152 0.28295968731246551 0.04578241226038926
leaf_weight=346.98852394754067 139.03109320020303 33.66911747539416 10.356169084087012 23.070860122796148 14.585680896416305 86.169654912315309 630.1449923934415 10.572676810435949 2.0095455329865213 0.3893025368452071 3.0916152927093199 3.1759015331044784 1.0501259067095818 2.6022299127653241
leaf_count=68422 1775 605 228 1210 411 1315 129199 334 136 17 333 591 188 489
internal_value=-0.0112078 -0.01774 -0.0248444 -0.025669 0.0368784 0.0449773 -0.026699 -0.0202191 -0.0249081 0.134388 0.102018 -0.0259881 0.0375698 0.113976
internal_weight=1306.91 1167.88 1033.45 1023.1 134.424 100.755 1000.02 369.88 356.216 2.39885 13.6643 353.817 6.82826 3.65236
internal_count=205253 203478 201147 200919 2331 1726 199709 70510 69843 153 667 69690 1268 677
is_linear=0
shrinkage=0.05


Tree=20
num_leaves=15
num_cat=0
split_feature=10 0 6 0 4 6 4 10 11 12 4 6 0 2
split_gain=172.494 166.828 17.6079 27.0334 24.601 19.2098 12.995 12.0491 20.2582 10.8171 10.437 10.385 90.8899 24.5984
threshold=0.14835164835164838 153.35500000000005 63.13797478991598 199.34500000000006 123.19500000000001 97.352342549923193 147.30080882352945 0.51666666666666672 29.500000000000004 0.65571120689655182 84.47183333333335 37.100875420875433 65.145000000000024 62.314500000000002
decision_type=2 2 2 2 2 2 2 2 2 2 2 2 2 2
left_child=1 6 -3 4 -4 -6 11 8 -2 -9 -5 12 13 -1
right_child=7 2 3 10 5 -7 -8 9 -10 -11 -12 -13 -14 -15
leaf_value=-0.024554848337544097 -0.016003585536278033 0.090127165042343513 -0.031221428226104894 -0.045573498136791464 0.25865230007857642 0.033613065345949031 0.030443177062005312 0.056277180234890679 0.052464425895755708 0.022275771016362064 0.042393238760778315 -0.029520031643411007 0.11571268527670711 0.2459209465062179
leaf_weight=304.79498130828142 23.391869443003088 11.890829247888176 27.937491541728377 3.4910240769386283 1.2398809762671579 4.0324075734242797 10.350537029094992 81.682799376547337 20.075206935871392 32.777923062443733 98.83036582171917 646.25963243516162 12.136235336773096 0.8429274894297113
leaf_count=61753 994 95 3621 27 24 150 533 653 748 461 699 135006 417 72
internal_value=-0.0108951 -0.0177827 0.0317885 0.0266701 -0.0125267 0.0865354 -0.0252827 0.0380295 0.0156183 0.0465403 0.039392 -0.025881 -0.0184804 -0.0238089
internal_weight=1279.73 1121.81 147.422 135.531 33.2098 5.27229 974.384 157.928 43.4671 114.461 102.321 964.034 317.774 305.638
internal_count=205253 202397 4616 4521 3795 174 197781 2856 1742 1114 726 197248 62242 61825
is_linear=0
shrinkage=0.05


Tree=21
num_leaves=15
num_cat=0
split_feature=10 0 8 6 4 6 0 4 2 9 11 0 4 12
split_gain=158.923 155.062 22.7441 17.6545 27.7606 13.0918 15.2904 21.8853 10.0743 10.2702 9.78431 9.69817 18.92 9.40157
threshold=0.20714285714285716 149.46500000000003 0.83333333333333337 63.13797478991598 96.332565789473691 85.286889103804 199.34500000000006 147.30080882352945 137.6525 1.0000000180025095e-35 51.500000000000007 199.34500000000006 109.77463235294118 0.80707196029776684
decision_type=2 2 2 2 2 2 2 2 2 2 2 2 2 2
left_child=1 2 8 -3 -5 11 7 -7 9 -1 -11 12 -6 -2
right_child=13 3 -4 4 5 6 -8 -9 -10 10 -12 -13 -14 -15
leaf_value=0.067126402010497938 0.044810554664544998 0.089555594015928663 0.048638867079303982 -0.014113428890802863 0.004182610694003999 -0.029678456047119346 0.041888221452489369 0.11982149122583703 0.019007919605398469 -0.02654040973500138 0.014722989313159915 0.066196767564796907 0.30622981774061564 -0.00097129307528132742
leaf_weight=2.9764308962039641 122.74361402820796 11.533497838303445 10.600848469883202 34.033471660222858 0.86938733933493262 16.657275730744008 76.123998112976551 2.8697310695424667 12.827016957569866 923.55632675625384 14.593146206811069 9.0036847293376923 1.2843970204703508 12.341318225488065
leaf_count=407 1431 98 223 2387 76 2186 529 61 1452 193104 2868 65 22 344
internal_value=-0.0105954 -0.0167905 -0.0241951 0.0300818 0.0252115 0.037742 0.0317633 -0.00770762 -0.0250045 -0.0256043 -0.0258985 0.0889962 0.184307 0.0406279
internal_weight=1252.01 1116.93 964.554 152.375 140.842 106.808 95.651 19.527 953.953 941.126 938.149 11.1575 2.15378 135.085
internal_count=205253 203478 198054 5424 5326 2939 2776 2247 197831 196379 195972 163 98 1775
is_linear=0
shrinkage=0.05


Tree=22
num_leaves=15
num_cat=0
split_feature=10 0 6 0 4 4 10 11 6 12 6 0 6 4
split_gain=146.463 141.703 17.42 22.9394 18.9275 11.7327 11.7242 17.9026 11.5644 11.5455 10.293 82.4593 129.718 33.9518
threshold=0.14835164835164838 153.35500000000005 63.13797478991598 199.34500000000006 123.19500000000001 147.30080882352945 0.51666666666666672 29.500000000000004 97.352342549923193 0.65571120689655182 37.100875420875433 50.605000000000011 18.532771689497721 41.798285714285718
decision_type=2 2 2 2 2 2 2 2 2 2 2 2 2 2
left_child=1 5 -3 4 -4 10 7 -2 -6 -8 11 -1 -13 -14
right_child=6 2 3 -5 8 -7 9 -9 -10 -11 -12 12 13 -15
leaf_value=-0.024515449409319833 -0.016517216214524521 0.090408306653784937 -0.030265364634941144 0.035879575844345708 0.18596888878335344 0.028185832773139331 0.054741988152848822 0.047455832358598342 0.026900705433647937 0.019438698178599723 -0.028361592388418191 0.60129382693234534 0.012140476651307739 0.15862959465871293
leaf_weight=281.24977875500917 23.299140644259751 10.730212819296865 26.654108331073076 101.90209946036339 1.5505650434643019 10.637231065891681 76.664853274822235 20.60990781057626 4.3427574289962649 33.183047763071954 612.66704440163448 1.111244957428428 16.438648068811748 5.2087262831628314
leaf_count=59907 994 95 3621 726 24 533 653 748 150 461 135006 17 2134 184
internal_value=-0.0102895 -0.0168323 0.0291004 0.0242075 -0.0123363 -0.0240236 0.0353483 0.0135103 0.0687524 0.0440775 -0.0246294 -0.0171079 0.074434 0.0473882
internal_weight=1226.25 1072.49 145.18 134.45 32.5474 927.313 153.757 43.909 5.89332 109.848 916.675 304.008 22.7586 21.6474
internal_count=205253 202397 4616 4521 3795 197781 2856 1742 174 1114 197248 62242 2335 2318
is_linear=0
shrinkage=0.05


Tree=23
num_leaves=15
num_cat=0
split_feature=12 0 8 6 4 0 6 4 0 6 12 10 11 11
split_gain=134.85 127.558 18.1829 17.7769 23.2136 15.1249 12.7217 12.1648 16.7958 10.545 11.7762 12.5987 9.81927 10.7369
threshold=0.057983193277310933 149.46500000000003 0.83333333333333337 63.13797478991598 96.332565789473691 180.87000000000003 85.286889103804 147.30080882352945 199.34500000000006 104.39530172413795 0.65571120689655182 0.20714285714285716 26.500000000000004 21.500000000000004
decision_type=2 2 2 2 2 2 2 2 2 2 2 2 2 2
left_child=1 2 -1 5 -5 -3 -6 8 -8 10 11 12 13 -2
right_child=9 3 -4 4 6 -7 7 -9 -10 -11 -12 -13 -14 -15
leaf_value=-0.023772818189441849 -0.015758802456870776 0.21254358433452386 0.038549804638565284 -0.013919067024049315 0.085243821437411549 0.060341368435469223 -0.028586436269685322 0.056012579515073484 0.03043526430940402 0.11691579088523717 0.0094016183732657677 0.05002691047096839 -0.041957229513149924 0.13401566972748818
leaf_weight=904.0745012271218 2.7175062829628569 2.0281712403520933 11.856861600652335 33.601151907350868 10.798463226296006 8.3619209378957731 15.819029580336062 27.33335530385375 50.638298809528351 3.9890266968868664 34.732512026559561 85.616750901564956 7.1456451523117721 2.1379802133888006
leaf_count=196120 434 35 244 2377 162 63 2165 261 320 101 711 829 1130 301
internal_value=-0.00999868 -0.015995 -0.022966 0.0269783 0.022236 0.0900516 0.0338515 0.0279345 0.0163862 0.0368195 0.0344054 0.0433018 -0.00467566 0.0501903
internal_weight=1200.85 1064.51 915.931 148.58 138.19 10.3901 104.589 93.7907 66.4573 136.339 132.35 97.6179 12.0011 4.85549
internal_count=205253 201747 196364 5383 5285 98 2908 2746 2485 3506 3405 2694 1865 735
is_linear=0
shrinkage=0.05


Tree=24
num_leaves=15
num_cat=0
split_feature=10 0 4 8 7 6 0 4 3 2 1 7 6 11
split_gain=124.587 120.853 14.5617 11.4216 15.8846 10.5622 67.7285 27.8918 30.8449 12.6908 35.3859 17.6158 11.8959 10.4359
threshold=0.14835164835164838 170.59500000000003 123.19500000000001 0.83333333333333337 1.0000000180025095e-35 41.33084913217624 76.965000000000018 48.819107142857156 19.500000000000004 63.13183333333334 3.5000000000000004 2.5000000000000004 32.082685349611545 54.500000000000007
decision_type=2 2 2 2 2 2 2 2 2 2 2 2 2 2
left_child=1 2 5 4 -2 6 7 9 12 13 11 -11 -9 -1
right_child=3 -3 -4 -5 -6 -7 -8 8 -10 10 -12 -13 -14 -15
leaf_value=-0.023946807841382853 0.027866885290096434 0.029358648296940688 0.016393485894085989 0.045557294445006405 -0.04053914225774552 -0.027715591574314385 0.10784533154099661 0.16728314373716563 0.35106010521659309 -0.018351709025276355 0.7658902643757235 0.50383875983129978 -0.030449267473720811 0.071961557684663169
leaf_weight=309.09839039342478 57.39882240165025 128.94965314399451 23.550149690359831 81.778942294418812 9.9589094505645317 545.63905709888786 10.619216062128542 1.1260927785187953 0.98254605988040555 1.5507744210772205 0.18369355937466014 0.18027976434677828 2.3438720316626132 2.8626088467426589
leaf_count=68867 1184 2321 1210 829 843 128646 289 31 36 182 17 16 250 532
internal_value=-0.00970489 -0.0159057 -0.0224045 0.0329994 0.017753 -0.0234492 -0.0163725 -0.0205163 0.103748 -0.0222791 0.106051 0.0360316 0.03372 -0.0230667
internal_weight=1176.22 1027.09 898.137 149.137 67.3577 874.587 328.947 318.328 4.45251 313.876 1.91475 1.73105 3.46996 311.961
internal_count=205253 202397 200076 2856 2027 198866 70220 69931 317 69614 215 198 281 69399
is_linear=0
shrinkage=0.05


Tree=25
num_leaves=15
num_cat=0
split_feature=12 0 6 4 8 6 4 0 12 10 12 11 8 11
split_gain=114.991 108.869 17.819 20.841 15.4698 12.6045 12.1544 14.4626 10.1444 11.1488 10.7249 14.5645 19.0218 10.183
threshold=0.057983193277310933 149.46500000000003 63.13797478991598 96.332565789473691 0.83333333333333337 85.286889103804 147.30080882352945 199.34500000000006 0.65571120689655182 0.20714285714285716 0.067231638418079109 29.500000000000004 0.58333333333333337 26.500000000000004
decision_type=2 2 2 2 2 2 2 2 2 2 2 2 2 2
left_child=1 4 -3 -4 -1 -5 7 -7 9 13 11 -11 -13 -2
right_child=8 2 3 5 -6 6 -8 -9 -10 10 -12 12 -14 -15
leaf_value=-0.022556889305933983 0.052442769278106316 0.090223746273908445 -0.01413722985056752 0.083740583301466165 0.033640353827992527 -0.028157923351779957 0.054360327531250863 0.026890986218592056 0.012175824526415462 -0.011186234834093286 0.045760551111651747 0.33740988474579897 0.065499168724733492 -0.039041752150520734
leaf_weight=863.61088064918295 5.2131921323016268 9.7095131641253811 33.519744732882828 10.289532273076473 12.422160105779765 15.517457270063458 26.131749550811946 51.628047659993172 36.875418574083596 1.2092473758384579 79.162186045199633 1.2653261451050639 1.3081421423703432 7.3024358046241105
leaf_count=196120 761 98 2377 162 244 2165 261 320 729 35 767 37 10 1167
internal_value=-0.00940808 -0.0150824 0.0247672 0.020131 -0.02176 0.0312221 0.0254287 0.0141691 0.0344493 0.0430533 0.0496907 0.131939 0.199193 -0.000935283
internal_weight=1155.17 1022.83 146.796 137.087 876.033 103.567 93.2773 67.1455 132.336 95.4605 82.9449 3.78272 2.57347 12.5156
internal_count=205253 201747 5383 5285 196364 2908 2746 2485 3506 2777 849 82 47 1928
is_linear=0
shrinkage=0.05


Tree=26
num_leaves=15
num_cat=0
split_feature=12 0 6 4 8 6 4 0 12 10 2 11 6 11
split_gain=105.596 100.326 17.5552 19.0191 14.1883 12.0858 11.6395 13.0695 9.719 10.5584 9.69684 9.6085 9.37164 9.07838
threshold=0.057983193277310933 149.46500000000003 63.13797478991598 96.332565789473691 0.36666666666666675 85.286889103804 147.30080882352945 199.34500000000006 0.65571120689655182 0.20714285714285716 137.6525 51.500000000000007 103.53482142857145 26.500000000000004
decision_type=2 2 2 2 2 2 2 2 2 2 2 2 2 2
left_child=1 4 -3 -4 10 -5 7 -7 9 13 11 -1 -10 -2
right_child=8 2 3 5 -6 6 -8 -9 12 -11 -12 -13 -14 -15
leaf_value=-0.023321500845687688 0.047466796243910474 0.090749780178017492 -0.013546951465356791 0.082339846405353995 0.028060028262382897 -0.027512892236896638 0.053185280461124043 0.025322551066875188 0.0056432963204764534 0.048383684377598789 0.022133979538037144 0.018877258832088399 0.11928427750450082 -0.038344132010663681
leaf_weight=817.07594373216853 5.4648106419481319 9.1837234213016909 33.238626481965184 9.9500464838929457 14.411811017431317 15.097976923920212 25.392633536830544 52.07270186394453 35.138788157142699 80.943436889909208 12.279631278943269 13.715952685102819 1.912967562675475 7.0694940106477588
leaf_count=191582 761 98 2377 162 479 2165 261 320 708 849 1438 2865 21 1167
internal_value=-0.00912046 -0.0146288 0.0238462 0.0193201 -0.021132 0.0299768 0.0243481 0.0134467 0.0331814 0.0417711 -0.0219729 -0.0226248 0.0115105 -0.000931568
internal_weight=1132.95 1002.42 144.936 135.752 857.483 102.513 92.5633 67.1707 130.529 93.4777 843.072 830.792 37.0518 12.5343
internal_count=205253 201747 5383 5285 196364 2908 2746 2485 3506 2777 195885 194447 729 1928
is_linear=0
shrinkage=0.05


Tree=27
num_leaves=15
num_cat=0
split_feature=10 0 8 6 4 0 12 6 9 4 0 9 4 6
split_gain=98.0662 93.8574 22.8917 16.9392 18.3898 15.3271 12.3066 11.0932 10.7035 10.3694 12.1905 9.86142 10.0872 10.467
threshold=0.51666666666666672 149.46500000000003 0.36666666666666675 63.13797478991598 96.332565789473691 180.87000000000003 0.63245614035087727 85.286889103804 5.5000000000000009 147.30080882352945 199.34500000000006 1.0000000180025095e-35 117.28178571428572 37.100875420875433
decision_type=2 2 2 2 2 2 2 2 2 2 2 2 2 2
left_child=1 2 11 5 -5 -3 -2 -6 -4 10 -9 -1 13 -13
right_child=6 3 8 4 7 -7 -8 9 -10 -11 -12 12 -14 -15
leaf_value=0.071381118590776255 0.052263123931428734 0.22348351297911032 -0.03219162099330522 -0.013001469133937189 0.080813728274193752 0.057953741475485147 0.016135265877457727 -0.024976913453695813 0.047974695672771121 0.051944572015706236 0.025672579653627528 -0.014440471822265745 0.011782605908601735 -0.026380296698122072
leaf_weight=2.8728810790926209 61.637354239821434 1.7523749037645737 5.4356204723008004 33.268743043299764 9.6368245608173293 6.9241803660988808 38.168623053468764 15.261998414760454 17.794589549768716 25.179432045668364 53.608406446874142 278.21885813167319 22.277393338270485 539.47801423445344
leaf_count=410 626 35 128 2396 163 63 488 2195 459 265 326 62459 1683 133557
internal_value=-0.00883799 -0.0135027 -0.0197476 0.023636 0.0193439 0.0913852 0.0384468 0.0297222 0.0292166 0.0244871 0.0144484 -0.0210971 -0.0214134 -0.0223178
internal_weight=1111.52 1011.71 866.077 145.632 136.955 8.67656 99.806 103.687 23.2302 94.0498 68.8704 842.847 839.974 817.697
internal_count=205253 204139 198696 5443 5345 98 1114 2949 587 2786 2521 198109 197699 196016
is_linear=0
shrinkage=0.05


Tree=28
num_leaves=15
num_cat=0
split_feature=10 0 8 6 4 0 12 5 9 6 5 4 6 0
split_gain=90.3637 86.3101 20.9599 16.321 16.7505 14.4718 12.238 10.8154 9.47385 9.27634 10.1581 9.15243 10.8127 71.2924
threshold=0.51666666666666672 149.46500000000003 0.36666666666666675 63.13797478991598 96.332565789473691 180.87000000000003 0.63245614035087727 56.500000000000007 5.5000000000000009 85.286889103804 57.500000000000007 117.28178571428572 37.100875420875433 50.605000000000011
decision_type=2 2 2 2 2 2 2 2 2 2 2 2 2 2
left_child=1 2 11 5 -5 -3 -2 -6 -4 -9 -11 12 13 -1
right_child=6 3 8 4 7 -7 -8 9 -10 10 -12 -13 -14 -15
leaf_value=-0.020931626359284267 0.051485481801404769 0.22183110435870163 -0.031332849098758705 -0.012449325574126608 -0.00093964909259051975 0.057517723677847243 0.015259642298123927 0.089033491869240158 0.044591446836817067 0.16777657745378083 0.029097606631697599 0.010926557071432391 -0.02554532184683872 0.07174076240620969
leaf_weight=252.77571731293574 59.494555838406086 1.679161261767147 5.3086462346836951 33.013710346072912 23.950677980668843 6.6351476311683655 38.33643067907542 7.8411493971943846 18.177249401342124 1.345993794966488 69.66973367286846 22.574713175650686 527.73566709971055 22.609308308456093
leaf_count=60234 626 35 128 2396 772 63 488 109 459 38 2030 1687 133838 2350
internal_value=-0.00855924 -0.0130749 -0.019147 0.0226995 0.0185366 0.0907025 0.0372899 0.0284869 0.0274299 0.0374244 0.0317261 -0.0204718 -0.0213544 -0.0133232
internal_weight=1091.15 993.317 849.181 144.136 135.821 8.31431 97.831 102.808 23.4859 78.8569 71.0157 825.695 803.121 275.385
internal_count=205253 204139 198696 5443 5345 98 1114 2949 587 2177 2068 198109 196422 62584
is_linear=0
shrinkage=0.05


Tree=29
num_leaves=15
num_cat=0
split_feature=10 2 6 0 4 6 0 4 8 3 6 0 6 4
split_gain=83.7114 81.4618 35.2917 24.2637 80.304 62.133 22.7821 14.2673 12.0804 11.6398 10.8854 89.0741 65.3976 16.6699
threshold=0.14835164835164838 108.19900000000003 63.13797478991598 180.87000000000003 77.40838541666669 54.518861806797865 199.34500000000006 123.19500000000001 0.83333333333333337 14.500000000000002 31.150645780051157 50.605000000000011 18.532771689497721 47.109246411483262
decision_type=2 2 2 2 2 2 2 2 2 2 2 2 2 2
left_child=1 10 3 4 -3 -6 7 8 -4 -8 11 13 -13 -1
right_child=-2 2 6 -5 5 -7 9 -9 -10 -11 -12 12 -14 -15
leaf_value=-0.01930260410170033 0.027903573196872318 0.038743413842215357 -0.021872474564864419 0.056670775299022313 0.27666072675434494 1.0922979115772766 0.00041446452347184554 0.030365102151271514 0.30899029929252564 0.041203172189163154 -0.024360754133900243 0.4547765943680161 0.083976476098391387 0.15150858488031377
leaf_weight=202.17377125052735 139.08000794844702 1.7170642674900585 55.583574402611703 4.8482552617788315 0.57428238494321693 0.39346291776746511 24.117474339902401 18.563986324705184 0.27725851163267989 63.65395050495863 550.15257278550416 1.3885006485506881 8.2806220324709994 1.4385346118360747
leaf_count=50434 2856 149 12521 50 17 39 161 812 9 483 137043 17 630 32
internal_value=-0.00828422 -0.0136777 0.0176534 0.123448 0.244034 0.60828 0.0127399 -0.00761013 -0.0202303 0.0299954 -0.0206433 -0.0110544 0.137224 -0.0180958
internal_weight=1072.24 933.163 169.729 7.53306 2.68481 0.967745 162.196 74.4248 55.8608 87.7714 763.434 213.281 9.66912 203.612
internal_count=205253 202397 14241 255 205 56 13986 13342 12530 644 188156 51113 647 50466
is_linear=0
shrinkage=0.05


Tree=30
num_leaves=15
num_cat=0
split_feature=10 0 6 4 0 8 3 12 9 10 6 0 4 0
split_gain=77.5911 74.0864 24.7802 19.7482 19.503 17.9605 13.534 12.8118 9.61101 9.2496 8.67195 54.8692 37.5145 25.4958
threshold=0.51666666666666672 128.97500000000002 66.237256493506507 147.30080882352945 199.34500000000006 0.36666666666666675 27.500000000000004 0.63245614035087727 1.0000000180025095e-35 0.43650793650793657 37.100875420875433 54.235000000000007 23.497136363636368 91.595000000000013
decision_type=2 2 2 2 2 2 2 2 2 2 2 2 2 2
left_child=1 5 6 4 -4 8 -3 -2 -1 -7 11 -10 -13 -14
right_child=7 2 3 -5 -6 9 -8 -9 10 -11 -12 12 13 -15
leaf_value=0.071121265229162109 0.050271117722931663 0.075208748719789456 -0.01814729208330992 0.051916242947065754 0.020664705225253783 0.032505367223035507 0.30754231396311016 0.012935010323732602 -0.019553930905423875 -0.098507968446926164 -0.024308894344750212 0.30981926807807875 0.018777182702673933 0.16895176923616748
leaf_weight=2.8786464859731486 56.358731392771006 10.718554576858875 55.16227095015347 26.450986869633198 78.327674344182014 21.911132493522022 0.66574964975006956 38.791948523372412 246.24059762968682 1.4354583248496045 497.37640236364678 1.472979924641552 14.771168370265515 3.4950146712362757
leaf_count=399 626 331 10532 318 517 552 36 488 60876 18 128981 18 1532 29
internal_value=-0.00801964 -0.0122844 0.0175204 0.0124471 0.00462636 -0.0187516 0.0887955 0.0350496 -0.0200679 0.0244501 -0.0204117 -0.0131242 0.0670853 0.0475113
internal_weight=1056.06 960.907 171.325 159.941 133.49 789.581 11.3843 95.1507 766.235 23.3466 763.356 265.98 19.7392 18.2662
internal_count=205253 204139 11734 11367 11049 192405 367 1114 191835 570 191436 62455 1579 1561
is_linear=0
shrinkage=0.05


Tree=31
num_leaves=15
num_cat=0
split_feature=12 2 6 4 0 4 1 3 6 0 0 12 6 0
split_gain=71.9147 66.8006 28.8545 22.8274 17.2361 12.1945 10.5696 10.2006 12.8648 14.9724 9.83813 9.68956 9.468 63.6825
threshold=0.057983193277310933 108.19900000000003 61.56829656862746 93.848284313725514 199.34500000000006 123.19500000000001 2.5000000000000004 17.500000000000004 96.358507758159462 97.535000000000011 15.525 0.65571120689655182 32.992925958965216 39.805000000000007
decision_type=2 2 2 2 2 2 2 2 2 2 2 2 2 2
left_child=1 12 3 -3 5 10 -6 -7 9 -9 -4 -2 13 -1
right_child=11 2 4 -5 6 7 -8 8 -10 -11 -12 -13 -14 -15
leaf_value=-0.019857513979304051 0.037948686161297457 0.077682881872004589 0.50345395320045794 0.33126703650209016 0.0032338757815731272 -0.015649618499854509 0.039634970890835237 0.048750869784900286 0.029136675683344694 0.28747688818827605 -0.018834330160724957 0.0074693680667220659 -0.022640359492676662 0.064096018535788141
leaf_weight=200.22699679620564 83.367445897776634 5.7801449056714764 0.090311970096080496 1.0484421090222893 30.879861198365688 7.7147501716390279 56.300174437463284 1.4741463148966425 8.5228158272802812 1.1845859196037052 54.943273092154413 37.943442466203123 522.76309725409374 25.460510813863948
leaf_count=50407 2777 177 25 26 200 439 446 48 310 14 12498 729 133452 3705
internal_value=-0.00776163 -0.0125507 0.0159481 0.116617 0.0116813 -0.00607807 0.0267414 0.0285771 0.0590914 0.155114 -0.0179772 0.0284154 -0.0189453 -0.0103865
internal_weight=1037.7 916.389 167.939 6.82859 161.11 73.9299 87.18 18.8963 11.1815 2.65873 55.0336 121.311 748.451 225.688
internal_count=205253 201747 14183 203 13980 13334 646 811 372 62 12523 3506 187564 54112
is_linear=0
shrinkage=0.05


Tree=32
num_leaves=15
num_cat=0
split_feature=10 2 6 3 4 12 8 0 6 0 4 3 11 7
split_gain=66.7839 63.9123 16.8416 14.1262 12.6924 12.4309 12.3553 12.1465 9.38009 48.7387 20.6397 17.0987 10.3058 17.0519
threshold=0.51666666666666672 117.99700000000001 61.56829656862746 14.500000000000002 93.848284313725514 0.55718954248366026 0.36666666666666675 199.34500000000006 41.33084913217624 76.965000000000018 48.819107142857156 19.500000000000004 50.500000000000007 1.5000000000000002
decision_type=2 2 2 2 2 2 2 2 2 2 2 2 2 2
left_child=1 6 4 -4 -3 -2 7 8 9 10 12 -12 -1 -14
right_child=5 2 3 -5 -6 -7 -8 -9 -10 -11 11 -13 13 -15
leaf_value=-0.019250499136579384 0.053972935616008112 0.065889090539577602 -0.0083215387023444862 0.027111880928574139 0.25142662552165335 0.016924473260323286 0.018298144051169269 0.022144970343959076 -0.023555256484799062 0.092796062983439342 0.035041921055938376 0.26276892955821574 -0.050266110596160964 0.11675535622192811
leaf_weight=270.67738624312915 40.265994351357222 4.2219001716002813 40.432301111286506 92.430299281841144 1.1792190126143394 51.72724018804729 24.043081612791866 18.300213359296322 457.28044483507983 10.672228591050951 3.3904547477141014 1.0890481644310055 2.6600529528222969 3.5912917691748589
leaf_count=68731 531 105 3183 5451 22 583 586 146 124037 292 281 35 593 677
internal_value=-0.00749836 -0.0115184 0.0198473 0.0163289 0.106397 0.0331408 -0.0169961 -0.0181016 -0.0190844 -0.0120849 -0.0160625 0.0904065 -0.0177847 0.0456849
internal_weight=1021.96 929.968 138.264 132.863 5.40112 91.9932 791.704 767.661 749.361 292.08 281.408 4.4795 276.929 6.25134
internal_count=205253 204139 8761 8634 127 1114 195378 194792 194646 70609 70317 316 70001 1270
is_linear=0
shrinkage=0.05


Tree=33
num_leaves=15
num_cat=0
split_feature=10 0 6 4 0 5 6 0 6 4 11 6 0 5
split_gain=61.5267 60.8419 22.2897 16.7864 15.9357 14.0327 9.21595 65.5096 114.461 24.2798 15.1005 26.9693 13.4588 12.4892
threshold=0.14835164835164838 128.97500000000002 66.237256493506507 147.30080882352945 199.34500000000006 107.50000000000001 31.150645780051157 39.805000000000007 18.532771689497721 42.547836257309946 54.500000000000007 29.596904761904764 70.595000000000013 2.5000000000000004
decision_type=2 2 2 2 2 2 2 2 2 2 2 2 2 2
left_child=1 6 5 4 -4 -3 7 10 -9 12 13 -12 -10 -1
right_child=-2 2 3 -5 -6 -7 -8 8 9 -11 11 -13 -14 -15
leaf_value=0.63248365935157169 0.024376590491890119 0.071370692492638929 -0.01840722396168713 0.048805298758384547 0.017413118642172053 0.31801766945092363 -0.022024340476515469 0.46113016626906939 -0.0082638602859023413 0.19253649458849897 0.072724169892694812 0.88922348174845411 0.10396056607849086 -0.02056639960149562
leaf_weight=0.073242030339314534 133.46019247267395 9.8926398963667417 51.023507018340752 24.111049466766417 79.314427055418491 0.61237142211757678 508.03737923968583 1.7714143304619963 11.896580546861516 2.2583089852705589 2.031904766336083 0.10643159085884679 3.4453006945550433 178.65193132916465
leaf_count=20 2856 334 10460 309 516 33 139639 37 2681 24 370 18 41 47915
internal_value=-0.00724198 -0.0120744 0.0152736 0.0104802 0.0033905 0.0857486 -0.0184437 -0.00935884 0.0780278 0.0394695 -0.0187185 0.113364 0.0169382 -0.0202988
internal_weight=1006.69 873.226 164.954 154.449 130.338 10.505 708.272 200.235 19.3716 17.6002 180.864 2.13834 15.3419 178.725
internal_count=205253 202397 11652 11285 10976 367 190745 51106 2783 2746 48323 388 2722 47935
is_linear=0
shrinkage=0.05


Tree=34
num_leaves=15
num_cat=0
split_feature=10 2 6 12 3 8 0 6 3 0 6 4 6 0
split_gain=57.1967 55.0353 15.3076 13.1047 12.6123 10.6786 10.9118 36.1009 25.9834 12.7448 11.4994 10.5636 10.2564 39.6553
threshold=0.51666666666666672 117.99700000000001 61.56829656862746 0.55718954248366026 14.500000000000002 0.36666666666666675 106.23500000000001 57.319809160305347 27.500000000000004 109.66500000000001 55.690202614379096 93.848284313725514 36.719413919413931 50.605000000000011
decision_type=2 2 2 2 2 2 2 2 2 2 2 2 2 2
left_child=1 5 11 -2 -4 6 12 8 9 -8 -10 -3 13 -1
right_child=3 2 4 -5 -6 -7 7 -9 10 -11 -12 -13 -14 -15
leaf_value=-0.017542992564405276 0.053463569655275905 0.063552345385547965 -0.0084118099604926933 0.014774025259908494 0.02520499916778491 0.016581886638822912 0.27759456513661868 -0.0097875852348040197 0.56838860074343245 0.051722389522902826 0.13968074249754503 0.23312826746368887 -0.02426258348976866 0.053291242149873887
leaf_weight=224.87624364765361 37.790683560073376 3.9673016462475053 39.988707977114245 52.006809906102717 92.304212428862229 24.310044118668884 0.70680924714542825 83.195524931885302 0.41537458822131146 5.3642792270984501 0.25090316985733807 1.1950084529817102 403.62813496682793 21.661841754568741
leaf_count=59601 531 105 3183 583 5451 586 93 16948 41 272 15 22 115663 2159
internal_value=-0.00699876 -0.0107879 0.0183396 0.0310563 0.0150435 -0.0160255 -0.0170966 -0.00077261 0.110548 0.0780189 0.406948 0.102807 -0.0193546 -0.0113192
internal_weight=991.662 901.864 137.455 89.7975 132.293 764.409 740.099 89.9329 6.73737 6.07109 0.666278 5.16231 650.166 246.538
internal_count=205253 204139 8761 1114 8634 195378 194792 17369 421 365 56 127 177423 61760
is_linear=0
shrinkage=0.05


Tree=35
num_leaves=15
num_cat=0
split_feature=12 0 6 4 0 4 3 2 6 0 6 4 11 11
split_gain=52.8955 47.33 37.2147 23.2065 16.2763 15.1754 9.44639 9.33386 9.08795 53.0917 94.828 20.3523 12.5192 18.6858
threshold=0.043961352657004842 103.18500000000002 61.948025974025974 147.30080882352945 199.34500000000006 86.904500000000013 3.5000000000000004 49.174500000000002 31.150645780051157 39.805000000000007 18.532771689497721 42.547836257309946 54.500000000000007 57.500000000000007
decision_type=2 2 2 2 2 2 2 2 2 2 2 2 2 2
left_child=1 8 5 4 -4 7 -5 -3 9 12 -11 -12 -1 -14
right_child=-2 2 3 6 -6 -7 -8 -9 -10 10 11 -13 13 -15
leaf_value=-0.019361765499306641 0.02276679712725729 0.287159371409276 -0.016550103482118658 -0.080218532137990392 0.013987422647138285 0.19662207049596436 0.055528257776849999 0.053794351230681429 -0.02227280073531648 0.40619941074367993 0.011509591042071606 0.17429950892949914 0.2292225193576968 -0.050362255818043503
leaf_weight=172.9912876598537 131.36880999314599 0.44515748415142198 99.060486761387438 1.3545051049441124 77.985530167818069 2.5658928835764518 23.80496280733496 11.436604469316078 435.93834430398419 1.8951072390191281 14.526544738328086 2.2124070813879362 1.2516833655536168 1.1436640070751307
leaf_count=47263 5680 27 24031 21 509 37 368 1108 123079 34 2685 23 200 188
internal_value=-0.00675279 -0.0113333 0.00882569 0.00328649 -0.00309888 0.0863508 0.0482201 0.0625375 -0.0182664 -0.00926444 0.070978 0.0330257 -0.0177898 0.0957341
internal_weight=977.981 846.612 216.653 202.205 177.046 14.4477 25.1595 11.8818 629.959 194.021 18.6341 16.739 175.387 2.39535
internal_count=205253 199573 26101 24929 24540 1172 389 1135 173472 50393 2742 2708 47651 388
is_linear=0
shrinkage=0.05


Tree=36
num_leaves=15
num_cat=0
split_feature=8 0 10 4 6 0 5 3 3 9 11 1 11 4
split_gain=49.1178 44.287 16.1866 16.9259 22.2845 18.6767 22.5791 10.2127 9.98423 9.38907 61.0041 91.7166 9.09055 9.04696
threshold=0.36666666666666675 199.34500000000006 0.63068181818181823 109.77463235294118 88.632114408929496 133.10500000000005 74.500000000000014 36.500000000000007 20.500000000000004 1.5000000000000002 34.500000000000007 2.5000000000000004 51.500000000000007 82.905131578947376
decision_type=2 2 2 2 2 2 2 2 2 2 2 2 2 2
left_child=1 2 3 9 5 8 -7 -6 -5 10 -1 -12 -11 -14
right_child=-2 -3 -4 4 7 6 -8 -9 -10 12 11 -13 13 -15
leaf_value=0.012314337885816201 0.031148651954067158 0.021398383591264419 0.020138618314478721 -0.033374291790337171 -0.0028709939173382232 0.059269646790402225 0.36916176386518657 0.29618535827818276 0.12001557781629041 -0.018672522623614522 1.9975908230364585 -0.050303405692942949 0.005467668007733119 0.11999482547836451
leaf_weight=9.7370147283654624 79.422501159831882 100.2306655254215 33.443963414058089 2.2950377427041522 33.926390392472968 1.1847057989798488 1.1666112300008533 0.28790100594051082 1.9727669078856704 687.60816574771889 0.097629633732140841 0.12425805535167456 10.68056950625032 2.0563415677752337
leaf_count=2445 1254 780 447 159 4080 44 12 17 76 193020 18 28 2326 547
internal_value=-0.00651754 -0.00989853 -0.0138967 -0.0154121 0.0158919 0.0998702 0.213023 -0.000354542 0.0375292 -0.0172117 0.0309952 0.850761 -0.0178972 0.0239578
internal_weight=964.235 884.812 784.581 751.137 40.8334 6.61912 2.35132 34.2143 4.2678 710.304 9.9589 0.221888 700.345 12.7369
internal_count=205253 203999 203219 202772 4388 291 56 4097 235 198384 2491 46 195893 2873
is_linear=0
shrinkage=0.05


Tree=37
num_leaves=15
num_cat=0
split_feature=10 2 12 3 6 0 11 4 8 11 0 6 0 2
split_gain=44.9729 43.944 14.2825 13.4203 15.3162 10.7168 11.7685 9.51045 9.21727 8.93689 9.53418 25.5847 23.4725 34.0085
threshold=0.51666666666666672 121.81125000000002 0.55718954248366026 14.500000000000002 63.13797478991598 180.87000000000003 25.500000000000004 103.77881944444447 0.83333333333333337 16.500000000000004 108.49500000000002 61.948025974025974 109.66500000000001 75.751666666666679
decision_type=2 2 2 2 2 2 2 2 2 2 2 2 2 2
left_child=1 9 -2 -3 5 6 -5 8 -6 -1 -11 12 13 -12
right_child=2 3 -4 4 7 -7 -8 -9 -10 10 11 -13 -14 -15
leaf_value=-0.044467058477330859 0.052814301083992078 -0.0067958018869087138 0.011468395879022731 0.06137175764551988 -0.00045887555337853546 0.053346763956862511 0.3561804766601071 0.037354929611001696 0.28539668639378785 -0.015565490034697736 1.13483097789931 -0.0068778139669872819 0.06925976357592542 -0.050229271598672645
leaf_weight=23.862791132880375 34.728291228413582 38.669569570804015 52.407288068905473 0.56143608456477434 30.021206074859951 1.7211743369698524 0.85257132723927498 52.896482127718627 0.28467410802841087 625.69602443045005 0.12657844135537644 82.53692071698606 8.4905410653445852 0.11604120372794569
leaf_count=6247 531 2710 583 16 2470 32 33 1900 3 174232 32 15777 660 27
internal_value=-0.00629235 -0.00973811 0.027947 0.0176835 0.0286475 0.137135 0.239126 0.0245596 0.00222627 -0.0143652 -0.0133634 0.00173327 0.0831165 0.568035
internal_weight=952.972 865.836 87.1356 125.007 86.3375 3.13518 1.41401 83.2024 30.3059 740.829 716.966 91.2701 8.73316 0.24262
internal_count=205253 204139 1114 7164 4454 81 49 4373 2473 196975 190728 16496 719 59
is_linear=0
shrinkage=0.05


Tree=38
num_leaves=15
num_cat=0
split_feature=8 0 10 4 6 4 5 1 9 1 11 6 0 4
split_gain=42.6319 38.37 13.297 14.6873 19.4179 17.1412 35.42 13.8505 9.22056 8.98485 8.63082 8.10805 40.7438 16.5312
threshold=0.36666666666666675 199.34500000000006 0.63068181818181823 109.77463235294118 88.632114408929496 123.19500000000001 82.500000000000014 3.5000000000000004 1.0000000180025095e-35 5.5000000000000009 16.500000000000004 41.33084913217624 78.215000000000018 48.819107142857156
decision_type=2 2 2 2 2 2 2 2 2 2 2 2 2 2
left_child=1 2 3 8 5 6 7 -5 9 -1 -10 12 13 -12
right_child=-2 -3 -4 4 -6 -7 -8 -9 10 -11 11 -13 -14 -15
leaf_value=0.02158080296177103 0.029280095075004162 0.019901152009075315 0.018038561945362987 0.028147047665154086 -0.00073479953765221437 0.049862488215264414 0.80875185675964723 0.39263277480165204 -0.048320466803918487 0.22622744501934436 -0.014431805356984221 -0.019981586252796658 0.090617130178697991 0.079596998197486876
leaf_weight=2.0846273344941433 78.236505929380655 99.738813143223524 32.863451397977769 0.87588036130182334 34.438529922626913 5.3211333239451051 0.23256030189804722 0.37106202775612473 20.765010077040642 0.72213585441932071 243.86069801729172 407.42508678883314 9.9373396041337383 4.7657013873103997
leaf_count=341 1254 780 447 117 4097 114 34 26 6148 63 67696 123566 261 309
internal_value=-0.00606241 -0.00926494 -0.0130742 -0.0144733 0.0145116 0.0917198 0.242263 0.13661 -0.0162068 0.0742332 -0.0165764 -0.0155866 -0.00866139 -0.0126294
internal_weight=941.639 863.402 763.663 730.8 41.2392 6.80064 1.4795 1.24694 689.561 2.80676 686.754 665.989 258.564 248.626
internal_count=205253 203999 203219 202772 4388 291 177 143 198384 404 197980 191832 68266 68005
is_linear=0
shrinkage=0.05


Tree=39
num_leaves=15
num_cat=0
split_feature=8 0 10 6 4 11 5 4 11 11 11 4 2 0
split_gain=38.7876 35.1103 12.9317 11.9896 14.7614 8.56922 8.49588 7.9462 8.31665 9.11154 24.9155 53.9296 21.0659 41.832
threshold=0.83333333333333337 163.29500000000004 0.63068181818181823 69.000963669950764 79.391583333333344 14.500000000000002 15.500000000000002 117.28178571428572 51.500000000000007 57.500000000000007 56.500000000000007 90.211610305958146 23.385833333333341 12.355000000000002
decision_type=2 2 2 2 2 2 2 2 2 2 2 2 2 2
left_child=1 2 7 -3 -5 -6 -7 8 -1 10 -10 12 13 -12
right_child=-2 3 -4 4 5 6 -8 -9 9 -11 11 -13 -14 -15
leaf_value=-0.016304934262625227 0.028640389412207059 0.081354432955865807 0.017796189637067264 -0.10107470606795815 -0.09064796242910983 -0.090715782983119983 0.018219855176706708 0.012749862519670342 0.020024392778047899 -0.050254179682580093 -0.050396839078424772 1.3329010968377242 -0.050228292012322366 0.94335368885014059
leaf_weight=659.58563577919267 74.9777946267277 6.5707792721223077 32.45390248671174 2.8192637485917649 1.8978812189307053 1.8188883401453484 111.98166329297237 25.781292033148929 8.4647481311112607 3.068293970078229 0.22354087745770879 0.10844830702990294 0.54022291279397905 0.2012288928963244
leaf_count=196003 976 98 443 152 27 43 2787 1838 1955 715 30 26 135 25
internal_value=-0.00584281 -0.00886494 -0.0130567 0.0156118 0.0119669 0.0147215 0.0164787 -0.0144912 -0.0155361 0.0246927 0.0488019 0.275731 0.156923 0.420379
internal_weight=930.494 855.516 730.427 125.088 118.518 115.698 113.801 697.973 672.192 12.6065 9.53819 1.07344 0.964993 0.42477
internal_count=205253 204277 201170 3107 3009 2857 2830 200727 198889 2886 2171 216 190 55
is_linear=0
shrinkage=0.05


Tree=40
num_leaves=15
num_cat=0
split_feature=12 0 6 4 4 0 12 10 12 12 10 5 6 0
split_gain=35.9138 33.6248 31.075 19.4266 14.8098 10.5496 9.01046 9.9748 9.98037 9.55253 9.19549 24.9351 8.91799 47.9404
threshold=0.043961352657004842 103.18500000000002 61.948025974025974 147.30080882352945 86.904500000000013 199.34500000000006 0.65571120689655182 0.51666666666666672 0.091966173361522213 0.082207207207207214 0.087121212121212141 104.50000000000001 31.150645780051157 39.805000000000007
decision_type=2 2 2 2 2 2 2 2 2 2 2 2 2 2
left_child=1 12 4 5 -3 -4 7 8 9 -2 11 -11 13 -1
right_child=6 2 3 -5 -6 -7 -8 -9 -10 10 -12 -13 -14 -15
leaf_value=-0.015205021700255388 0.015082725984222327 0.055848024098041751 -0.014783381656921075 0.04478434454954771 0.1915376947942366 0.010002496431800977 -0.00063250807753507238 0.043570129097421008 -0.033410354311105346 0.11852971579262273 0.075919237980004994 1.0726856708011119 -0.019920152908384288 0.070038854609871415
leaf_weight=162.43376169656403 27.092705451883379 11.676440994488074 93.759612309047952 23.757740849629045 2.4293089157436034 79.190300308167934 39.950751849915832 47.317285113036633 10.069313527084885 0.29626533039845471 2.4004320949316025 0.08905375050380826 401.9977990873158 18.357651794329286
leaf_count=47651 3237 1135 24031 389 37 509 729 651 912 70 60 21 123079 2742
internal_value=-0.00562876 -0.00958227 0.00752989 0.00238929 0.0792167 -0.00343442 0.0190342 0.0280377 0.00963995 0.0241483 0.112315 0.339051 -0.0157723 -0.00654932
internal_weight=920.818 793.603 210.813 196.708 14.1057 172.95 127.216 87.2651 39.9478 29.8785 2.78575 0.385319 582.789 180.791
internal_count=205253 199573 26101 24929 1172 24540 5680 4951 4300 3388 151 91 173472 50393
is_linear=0
shrinkage=0.05


Tree=41
num_leaves=15
num_cat=0
split_feature=8 0 4 10 6 3 0 11 5 9 11 12 2 5
split_gain=33.5187 29.758 10.6284 10.7476 10.2931 14.5551 24.1423 25.7925 9.96744 7.90453 8.88281 7.88815 11.6344 8.20191
threshold=0.36666666666666675 199.34500000000006 117.28178571428572 0.63068181818181823 96.358507758159462 7.5000000000000009 102.19500000000001 26.500000000000004 82.500000000000014 1.0000000180025095e-35 16.500000000000004 0.55718954248366026 91.770000000000024 55.500000000000007
decision_type=2 2 2 2 2 2 2 2 2 2 2 2 2 2
left_child=1 2 3 9 5 -4 -7 -8 -9 -1 -11 -5 13 -13
right_child=-2 -3 4 11 -6 6 7 8 -10 10 -12 12 -14 -15
leaf_value=0.066710316947952694 0.026133961101214617 0.017364841795494138 -0.053783985517747428 0.046657480488709727 -0.00030692562938724175 0.033905982281561928 0.087839789758877129 0.27607085819084404 0.61312488118409014 -0.048110601654739127 -0.013829457097316578 0.066180852477771626 -0.10034833364054006 -0.010982048548349896
leaf_weight=2.9853683458641163 77.010191414970905 99.142995597794652 1.980764192994682 12.284130506217481 24.115092085441574 4.2463774015195668 1.1501407357864084 0.43064536643214513 0.44703425886109471 19.465402476023883 646.46598147158511 4.8176179360598388 2.722967527806758 12.076500626280902
leaf_count=409 1254 780 130 192 1712 159 26 29 14 6210 194090 50 29 169
internal_value=-0.0054251 -0.00834506 -0.0118216 -0.0131154 0.0161893 0.0643793 0.101683 0.243614 0.447745 -0.0144676 -0.0148315 0.015238 -0.00443674 0.0110221
internal_weight=909.341 832.331 733.188 700.818 32.3701 8.25496 6.2742 2.02782 0.87768 668.917 665.931 31.9012 19.6171 16.8941
internal_count=205253 203999 203219 201149 2070 358 228 69 43 200709 200300 440 248 219
is_linear=0
shrinkage=0.05


Tree=42
num_leaves=15
num_cat=0
split_feature=8 0 4 6 0 3 4 10 3 3 6 4 0 0
split_gain=30.4468 27.1962 9.5508 14.6181 14.5364 22.8707 16.0119 10.7336 9.27048 8.71682 8.41476 117.462 71.0563 59.9071
threshold=0.83333333333333337 199.34500000000006 109.77463235294118 94.30991224221151 133.10500000000005 12.500000000000002 123.19500000000001 0.63068181818181823 20.500000000000004 22.500000000000004 56.491535133264115 71.213623511904771 112.08500000000002 92.415000000000006
decision_type=2 2 2 2 2 2 2 2 2 2 2 2 2 2
left_child=1 2 7 4 8 -6 -7 10 -4 -10 11 -1 13 -13
right_child=-2 -3 3 -5 5 6 -8 -9 9 -11 -12 12 -14 -15
leaf_value=-0.011428853231057058 0.025549619275873223 0.016561608833127277 -0.035785561733936981 -0.0046414914217680243 0.013731103399390055 0.45398313963148784 0.1472064969175014 0.016085242427753606 0.19026187014177776 0.020916033071348969 -0.020469894650540322 0.55548833790298746 0.1559675699261347 1.8363605404520502
leaf_weight=360.5035182707943 73.823398338630795 99.429926834069192 3.4447840300854278 32.958274388220161 1.6299655120819809 0.72439257893711317 1.0303028076887129 30.801747527904809 1.1819679501932117 2.1279396864119917 289.94572425284423 0.6592947023455048 1.7649839161895213 0.10595751414075494
leaf_count=105802 976 782 366 3732 109 46 6 436 34 113 92682 134 19 16
internal_value=-0.00521571 -0.00796432 -0.0113192 0.01151 0.0640108 0.148585 0.273853 -0.0127581 0.0216321 0.0813894 -0.0141187 -0.00904614 0.330438 0.732839
internal_weight=900.132 826.309 726.879 43.0976 10.1394 3.38466 1.7547 683.781 6.75469 3.30991 652.979 363.034 2.53024 0.765252
internal_count=205253 204277 203495 4406 674 161 52 199089 513 147 198653 105971 169 150
is_linear=0
shrinkage=0.05


Tree=43
num_leaves=15
num_cat=0
split_feature=12 0 6 4 4 3 12 10 12 6 0 6 4 11
split_gain=28.1751 27.1212 26.4571 16.9823 9.93764 9.79349 8.80322 9.09665 8.90418 8.51682 42.6446 84.0602 13.5223 9.75961
threshold=0.043961352657004842 103.18500000000002 61.948025974025974 147.30080882352945 86.904500000000013 2.5000000000000004 0.65571120689655182 0.51666666666666672 0.091966173361522213 31.150645780051157 39.805000000000007 18.532771689497721 39.100625000000008 53.500000000000007
decision_type=2 2 2 2 2 2 2 2 2 2 2 2 2 2
left_child=1 9 4 -4 -3 -5 7 8 -2 10 13 -12 -13 -1
right_child=6 2 3 5 -6 -7 -8 -9 -10 -11 11 12 -14 -15
leaf_value=-0.015632570471154638 0.022458560052675911 0.05249947570209617 -0.0035177767869469696 -0.11182631356519218 0.15987820719557441 0.049120561596566387 -0.0022200784284497539 0.041808865946220547 -0.032114697042886248 -0.018512745349511247 0.37735300047432174 0.0086302744446972255 0.1228366437167918 0.071591094193220128
leaf_weight=152.90704901982099 30.169306536903605 11.797163551906122 170.23928825766779 0.98750116117298858 2.6361881280317894 22.051784316077828 40.284426790196449 44.293235097080469 9.9359680030029249 384.17327626189217 1.9410570524632955 13.820222622249277 3.190133216790854 3.2757388015743336
leaf_count=47149 3388 1135 24540 17 37 372 729 651 912 123079 34 2664 44 502
internal_value=-0.00503387 -0.00861725 0.00681096 0.00193453 0.0721117 0.0422221 0.0170102 0.0261891 0.00893819 -0.0143469 -0.00520866 0.0656205 0.0300486 -0.0138032
internal_weight=891.702 767.019 207.712 193.279 14.4334 23.0393 124.683 84.3985 40.1053 559.307 175.134 18.9514 17.0104 156.183
internal_count=205253 199573 26101 24929 1172 389 5680 4951 4300 173472 50393 2742 2708 47651
is_linear=0
shrinkage=0.05


Tree=44
num_leaves=15
num_cat=0
split_feature=8 0 4 6 4 2 0 11 0 9 3 10 0 6
split_gain=26.3614 23.7469 8.73239 8.58947 30.6718 17.113 26.977 11.3303 24.4602 61.5435 25.9064 10.7327 8.93926 43.9464
threshold=0.36666666666666675 199.34500000000006 117.28178571428572 87.119076704545463 106.95292510121459 92.380714285714305 73.375000000000014 49.500000000000007 39.395000000000003 11.500000000000002 7.5000000000000009 0.63068181818181823 80.785000000000011 44.227806603773594
decision_type=2 2 2 2 2 2 2 2 2 2 2 2 2 2
left_child=1 2 3 4 11 6 -6 -5 9 -9 -10 12 -1 -14
right_child=-2 -3 -4 7 5 -7 -8 8 10 -11 -12 -13 13 -15
leaf_value=-0.014709587753251378 0.023303880727453052 0.015491660404807255 0.014520476323695295 -0.027727533619640306 -0.050261784578301431 0.11592293254650499 0.83091557237276903 1.5687971467064832 0.71218504938301863 -0.050214847786344989 -0.0092103726004766455 0.021133024597985651 0.10486688940591381 -0.0089850648711252215
leaf_weight=443.7307455164846 76.017381145618856 98.579531143419445 32.723195465048775 102.8707525911741 0.14104084600694422 1.6977867246605454 0.22609150805510581 0.092651710845529478 0.13115263660438392 0.16017206502147019 2.4358106206636876 26.078972343355417 9.3871906644199026 87.303674422902986
leaf_count=141426 1254 780 2070 31252 33 143 24 28 32 45 622 375 385 26784
internal_value=-0.00484208 -0.0074981 -0.0107037 -0.0119279 -0.00949478 0.182858 0.492395 -0.0250171 0.0738634 0.543101 0.0276475 -0.0101959 -0.0117077 0.0020682
internal_weight=881.576 805.559 706.979 674.256 568.566 2.06492 0.367132 105.691 2.81979 0.252824 2.56696 566.501 540.422 96.6909
internal_count=205253 203999 203219 201149 169170 200 57 31979 727 73 654 168970 168595 27169
is_linear=0
shrinkage=0.05


Tree=45
num_leaves=15
num_cat=0
split_feature=10 0 6 4 6 0 6 6 9 5 2 12 11 6
split_gain=24.0271 26.8067 23.3145 13.6211 9.34806 38.5308 98.8263 12.3312 15.9412 13.9158 12.5038 11.0049 9.83766 17.8598
threshold=0.14835164835164838 103.18500000000002 61.948025974025974 147.30080882352945 31.150645780051157 33.925000000000004 15.142568735271016 20.622125850340137 11.500000000000002 29.500000000000004 38.953666666666678 0.065591397849462371 53.500000000000007 30.346296503809956
decision_type=2 2 2 2 2 2 2 2 2 2 2 2 2 2
left_child=1 4 -3 -4 5 12 -7 8 9 -8 11 -9 -1 -14
right_child=-2 2 3 -5 -6 6 7 10 -10 -11 -12 -13 13 -15
leaf_value=-0.016584483399402487 0.015827243575840273 0.067617246172312573 -0.0022200196165207057 0.039178431139303152 -0.018348125039395459 0.45928924407151295 0.88723119032023789 -0.013992015774415934 0.49165925009526695 0.070045151424826244 0.065666160673567134 0.57333485017136987 0.045014001167816571 0.5959348997662508
leaf_weight=139.773487072438 122.87264151312411 14.827244383515788 171.72752699255943 22.469027070328593 371.05723690241575 1.4012213014066244 0.053325976710769996 14.81657159817405 0.2748614135198294 2.2593778581358492 8.3284643206279707 0.080188558436930957 3.1414373309817161 0.15433616284281004
leaf_count=45250 2856 1189 24926 391 124793 31 11 3971 29 333 975 21 471 6
internal_value=-0.00466847 -0.00802466 0.00718406 0.00256988 -0.0138971 -0.00419803 0.0503356 0.028136 0.131672 0.0888877 0.0166009 -0.0108305 -0.0145712 0.0708128
internal_weight=873.237 750.364 209.024 194.197 541.341 170.283 27.214 25.8128 2.58757 2.3127 23.2252 14.8968 143.069 3.29577
internal_count=205253 202397 26506 25317 175891 51098 5371 5340 373 344 4967 3992 45727 477
is_linear=0
shrinkage=0.05


Tree=46
num_leaves=15
num_cat=0
split_feature=8 4 6 2 0 7 5 3 5 5 2 4 11 1
split_gain=22.5232 21.3304 28.7926 11.5765 14.3252 47.8241 56.0286 11.8169 9.09467 9.71767 8.84453 21.0814 23.5651 49.6069
threshold=0.83333333333333337 98.544808429118788 81.417432659932672 137.6525 15.205000000000002 1.5000000000000002 84.500000000000014 13.500000000000002 44.500000000000007 15.500000000000002 92.380714285714305 123.19500000000001 35.500000000000007 3.5000000000000004
decision_type=2 2 2 2 2 2 2 2 2 2 2 2 2 2
left_child=1 -1 10 4 5 -4 -7 8 9 -5 11 12 13 -3
right_child=-2 2 3 7 -6 6 -8 -9 -10 -11 -12 -13 -14 -15
leaf_value=-0.01086466897895523 0.022141990581243502 0.28222419276771799 -0.05054521720033317 -0.085724984645239199 -0.012890634852196129 0.26309148046462827 1.910234933696739 0.032929867290956844 -0.054039953907653475 0.032940418397496091 0.061984551922635328 0.022917548263856599 0.12220165345692136 1.3560217757864901
leaf_weight=644.33138768281788 72.719389952719212 0.44144167075864904 0.5609292967710634 2.0574433503206846 69.06674387329258 0.15874687302857637 0.076511526247486472 45.640691406559199 8.0756138886790705 10.685632895445449 8.9489428587257844 1.3098823237232862 0.76658057142049074 0.14220465580001473
leaf_count=189843 976 62 142 77 11719 30 23 1326 312 366 281 35 30 31
internal_value=-0.0044892 -0.0069336 0.0101886 0.00375144 -0.0104597 0.200415 0.798781 0.0186904 -0.0125268 0.0137812 0.0857788 0.165826 0.304464 0.543854
internal_weight=864.982 792.263 147.931 136.322 69.8629 0.796188 0.235258 66.4594 20.8187 12.7431 11.6091 2.66011 1.35023 0.583646
internal_count=205253 204277 14434 13995 11914 195 53 2081 755 443 439 158 123 93
is_linear=0
shrinkage=0.05


Tree=47
num_leaves=15
num_cat=0
split_feature=12 0 6 4 12 11 10 3 12 2 11 6 0 6
split_gain=20.9866 20.4194 20.1366 12.5844 8.77664 8.46544 8.44046 8.15321 8.02047 8.15612 7.66946 7.61074 33.8301 65.2829
threshold=0.043961352657004842 103.18500000000002 55.690202614379096 147.30080882352945 0.65571120689655182 14.500000000000002 0.51666666666666672 27.500000000000004 0.091966173361522213 133.20300000000003 36.500000000000007 31.150645780051157 39.805000000000007 18.532771689497721
decision_type=2 2 2 2 2 2 2 2 2 2 2 2 2 2
left_child=1 11 7 5 6 -4 8 -3 -2 -10 -5 12 -1 -14
right_child=4 2 3 10 -6 -7 -8 -9 9 -11 -12 -13 13 -15
leaf_value=-0.011954398266601114 0.020561773345646604 0.06243646493061028 -0.089246217816200082 0.051843174296647879 -0.0041326459444394623 -0.00065091768580337642 0.040024871151854352 0.2198496392540478 -0.046585914279347627 0.10685505274898517 -0.024199024810378431 -0.016746382290653252 0.32735246292265152 0.026957217554022729
leaf_weight=148.61634089704603 30.46471169241704 8.3454750347882474 2.7395903072319916 18.133903330191973 40.782540623564273 170.63192150555551 41.678698100149632 0.91254281718283969 8.8093173878733033 0.9604702149517842 4.0578475398942819 363.81055221939459 2.0207805950194624 17.228991942247376
leaf_count=47651 3388 413 351 313 729 24896 651 52 895 17 76 123079 34 2708
internal_value=-0.00432596 -0.00751548 0.00589803 0.00248696 0.0148195 -0.00205089 0.0242554 0.0779523 0.00791981 -0.0315011 0.0379386 -0.0126829 -0.0038761 0.0584918
internal_weight=859.194 736.498 204.821 195.563 122.696 173.372 81.9132 9.25802 40.2345 9.76979 22.1918 531.677 167.866 19.2498
internal_count=205253 199573 26101 25636 5680 25247 4951 465 4300 912 389 173472 50393 2742
is_linear=0
shrinkage=0.05


Tree=48
num_leaves=15
num_cat=0
split_feature=8 0 9 4 6 4 6 5 3 11 10 9 5 0
split_gain=19.4927 19.0583 6.81075 6.93737 8.3827 20.5765 19.8214 13.4982 26.4056 12.392 9.42236 8.68241 8.1982 9.64094
threshold=0.36666666666666675 199.34500000000006 1.0000000180025095e-35 117.28178571428572 89.023396520146534 96.855900621118039 76.841857246376819 111.50000000000001 22.500000000000004 56.500000000000007 0.63068181818181823 1.5000000000000002 64.500000000000014 58.955000000000005
decision_type=2 2 2 2 2 2 2 2 2 2 2 2 2 2
left_child=1 2 -1 4 5 10 12 9 -9 11 -4 -8 -7 -14
right_child=-2 -3 3 -5 -6 6 7 8 -10 -11 -12 -13 13 -15
leaf_value=0.065496639740037874 0.020177207733069438 0.014234894506391739 -0.011416206301041391 0.012397970523986531 -0.025219396044394021 0.046653491022689737 0.42163048609449788 0.70191288754435166 0.033033847319383379 0.62402237919458114 0.019520425290325799 -0.036337185005930459 0.034906509220584574 0.2705735863907664
leaf_weight=3.0163959036581209 75.054590990301222 96.908068323507905 518.39119558711536 33.448222184088081 88.800353766418993 1.0853930993471279 0.10561114852316666 0.198928010649979 0.57129985513165593 0.074089106637984403 25.839180421084166 5.1598755076993257 0.57477746158838305 1.7714973005931822
leaf_count=414 1254 780 170588 2065 27969 108 13 38 97 8 377 1457 49 36
internal_value=-0.00415423 -0.00650773 -0.00946799 -0.00980248 -0.0109581 -0.00867122 0.0641191 0.0101098 0.205786 -0.0181163 -0.00994738 -0.0271516 0.160278 0.212841
internal_weight=850.999 775.945 679.037 676.02 642.572 553.772 9.54147 6.1098 0.770228 5.33958 544.23 5.26549 3.43167 2.34627
internal_count=205253 203999 203219 202805 200740 172771 1806 1613 135 1478 170965 1470 193 85
is_linear=0
shrinkage=0.05


Tree=49
num_leaves=15
num_cat=0
split_feature=12 2 6 12 5 3 3 7 9 11 2 5 5 9
split_gain=17.9262 19.3074 11.9502 11.3588 9.83131 9.78937 8.49434 8.26645 13.6603 12.5797 7.89193 9.05408 24.0946 9.24963
threshold=0.059714795008912663 108.19900000000003 61.56829656862746 0.55718954248366026 91.500000000000014 23.500000000000004 14.500000000000002 3.5000000000000004 10.500000000000002 35.500000000000007 109.38250000000001 116.50000000000001 118.50000000000001 5.5000000000000009
decision_type=2 2 2 2 2 2 2 2 2 2 2 2 2 2
left_child=1 -1 4 -2 -3 -6 -4 10 9 -9 11 13 -13 -8
right_child=3 2 6 -5 5 -7 7 8 -10 -11 -12 12 -14 -15
leaf_value=-0.01088940321527595 0.033647099313181321 0.039197605795332671 -0.012556546154506174 0.00026975259622087541 0.31828963595692183 0.073374106968923034 0.26830932661903284 -0.050190977736869119 0.041703784223582507 0.49176145648628006 0.0092432267055118037 1.0049929619672338 -0.050133013628591794 0.022962582534744518
leaf_weight=584.03162014984991 47.131734679685906 4.8202998146880409 43.862797693815082 55.512597184162587 0.72429967997595646 0.93429440376348794 0.4707911459263413 0.15128172957338337 1.7862985692918298 0.36642548604868352 102.18121821642853 0.094629270723089465 0.12635124544613063 2.0874678841792047
leaf_count=187798 2284 158 4718 971 23 22 152 49 119 39 8536 15 48 321
internal_value=-0.00398808 -0.00669854 0.00883131 0.0155958 0.0753268 0.180327 0.00598062 0.0135609 0.107246 0.333395 0.0115044 0.0946369 0.401698 0.0681132
internal_weight=844.282 741.638 157.606 102.644 6.47889 1.65859 151.127 107.264 2.30401 0.517707 104.96 2.77924 0.220981 2.55826
internal_count=205253 201998 14200 3255 203 45 13997 9279 207 88 9072 536 63 473
is_linear=0
shrinkage=0.05


Tree=50
num_leaves=15
num_cat=0
split_feature=8 0 12 5 5 11 6 2 0 3 0 7 1 11
split_gain=16.8023 16.6317 6.58589 6.88937 9.70743 6.20105 6.19344 201.759 225.503 299.036 81.5289 42.8974 14.5258 9.49068
threshold=0.36666666666666675 199.34500000000006 0.04210992907801419 54.500000000000007 51.500000000000007 20.500000000000004 13.575969696969699 21.468750000000004 50.605000000000011 20.500000000000004 28.715000000000003 1.5000000000000002 10.500000000000002 54.500000000000007
decision_type=2 2 2 2 2 2 2 2 2 2 2 2 2 2
left_child=1 6 3 4 -3 -2 7 10 9 11 12 -9 13 -1
right_child=5 2 -4 -5 -6 -7 -8 8 -10 -11 -12 -13 -14 -15
leaf_value=-0.015428352387955802 -0.021610877712609777 -0.0011562472813652965 0.075852494097837161 0.017334940783291716 -0.10122817162532501 0.023963976069004713 -0.010317410159261941 -0.050146126856851318 0.22863299281921365 3.5021873079356549 0.80928525583956723 1.542079483763672 0.7505058002927425 0.13401144075619131
leaf_weight=54.022378867259249 8.4123511961661261 15.354542169719936 4.035306852310895 74.624030547216535 2.8775212578475466 66.186865389812738 610.24956347723491 0.12963056797161587 0.90365531947463751 0.14072444662451744 0.30412146402522822 0.062793355202302337 0.062449372839181616 1.083755416329949
leaf_count=17395 103 108 28 625 19 1151 185536 45 9 24 21 16 22 151
internal_value=-0.00382457 -0.00603654 0.0133206 0.0106031 -0.0169504 0.0188246 -0.00884862 0.00695703 0.638566 1.7505 -0.00712514 0.469442 -0.0116257 -0.0124894
internal_weight=838.45 763.85 96.8914 92.8561 18.2321 74.5992 666.959 56.7095 1.2368 0.333148 55.4727 0.192424 55.1686 55.1061
internal_count=205253 203999 780 752 127 1254 203219 17683 94 85 17589 61 17568 17546
is_linear=0
shrinkage=0.05


Tree=51
num_leaves=15
num_cat=0
split_feature=10 0 6 2 1 12 11 12 9 2 9 2 6 0
split_gain=16.018 19.1676 18.3138 11.222 10.7404 7.84769 9.3172 17.22 10.6773 7.48129 53.7018 87.4349 7.36284 28.7386
threshold=0.14835164835164838 103.18500000000002 61.948025974025974 174.21650000000002 1.5000000000000002 0.65571120689655182 28.500000000000004 0.14459930313588851 8.5000000000000018 58.290833333333346 9.5000000000000018 55.235833333333339 31.150645780051157 33.925000000000004
decision_type=2 2 2 2 2 2 2 2 2 2 2 2 2 2
left_child=1 12 -3 9 -5 6 7 8 -2 10 -4 -12 13 -1
right_child=5 2 3 4 -6 -7 -8 -9 -10 -11 11 -13 -14 -15
leaf_value=-0.012657609456140166 -0.019623633293246075 0.059281807173225655 -0.050164331007344888 -0.0085759662491905544 0.046634006366604461 -0.0050025932959622569 0.039585498039877987 0.039977217649011541 -0.25354387989694627 -0.0047857209295286505 -0.050134555327252674 2.5081416094979136 -0.015997779468595499 0.042928883896436523
leaf_weight=135.57749861525372 21.265898681012917 15.07194579974748 0.59177435282617707 13.916171837830914 24.003139866515994 40.009527291636914 39.070803553098813 19.195167612284422 0.49928210116922755 151.91400925116614 0.077603335026651621 0.058633076958358288 345.69670626125298 28.065823039505631
leaf_count=45727 897 1189 209 212 371 540 1126 280 13 24475 29 21 124793 5371
internal_value=-0.00382234 -0.00665991 0.00622455 0.00202813 0.0263723 0.0130785 0.0221177 0.00545565 -0.0249896 -0.00401943 0.155882 1.05089 -0.0118617 -0.00312419
internal_weight=835.014 714.973 205.633 190.561 37.9193 120.041 80.0312 40.9603 21.7652 152.642 0.728011 0.136236 509.34 163.643
internal_count=205253 202397 26506 25317 583 2856 2316 1190 910 24734 259 50 175891 51098
is_linear=0
shrinkage=0.05


Tree=52
num_leaves=15
num_cat=0
split_feature=12 2 12 6 3 10 12 6 2 5 1 7 6 4
split_gain=14.6649 16.3413 10.3408 10.0741 8.75349 7.72244 10.772 9.02307 7.55174 7.53937 7.50003 20.9976 7.35874 7.28644
threshold=0.059714795008912663 108.19900000000003 0.55718954248366026 61.56829656862746 17.500000000000004 0.51666666666666672 0.091966173361522213 107.05263238067606 133.20300000000003 15.500000000000002 6.5000000000000009 1.0000000180025095e-35 103.53482142857145 147.30080882352945
decision_type=2 2 2 2 2 2 2 2 2 2 2 2 2 2
left_child=1 -1 5 4 -3 6 7 10 -8 -5 -2 -12 -4 -11
right_child=2 3 12 9 -6 -7 8 -9 -10 13 11 -13 -14 -15
leaf_value=-0.010100893909550527 0.021806754977174062 0.013794777325853762 -0.004248845040626943 -0.06804762192056571 0.1298162608304832 0.051774977634706398 -0.045436747069338354 0.33092300677383996 0.10746972396882284 0.0023106567128373954 0.44928329094042074 0.001882137106208353 0.085582043896481955 0.032605933938390133
leaf_weight=570.44613872794434 11.348894361173732 3.4180698627606025 52.746297752251849 3.4069205175619564 3.1002807125914842 23.492281682789326 8.3316940132062847 0.26157740317285139 0.89414421166293401 123.22797695780173 0.39874201291240818 0.76613111351616681 2.382763229077681 23.657888843677938
leaf_count=187798 864 123 942 319 80 522 779 27 13 13144 29 50 29 534
internal_value=-0.00369597 -0.00617128 0.0141945 0.00812385 0.0689773 0.0318392 0.0105523 0.0402834 -0.0306175 0.00548458 0.0342081 0.15503 -0.000366215 0.00719011
internal_weight=827.88 727.257 100.623 156.811 6.51835 45.4935 22.0012 12.7753 9.22584 150.293 12.5138 1.16487 55.1291 146.886
internal_count=205253 201998 3255 14200 203 2284 1762 970 792 13997 943 79 971 13678
is_linear=0
shrinkage=0.05


Tree=53
num_leaves=15
num_cat=0
split_feature=8 4 6 2 3 0 11 1 11 10 0 9 0 3
split_gain=13.9875 14.3026 21.6966 8.41809 9.39338 8.48507 22.1875 29.1773 9.00558 8.07951 7.95843 8.93832 7.28453 8.23575
threshold=0.83333333333333337 98.544808429118788 81.417432659932672 137.6525 13.500000000000002 26.565000000000001 41.500000000000007 3.5000000000000004 12.500000000000002 0.13809523809523813 26.205000000000002 13.500000000000002 35.895000000000003 2.5000000000000004
decision_type=2 2 2 2 2 2 2 2 2 2 2 2 2 2
left_child=1 -1 12 5 9 6 8 -8 -4 -5 11 -10 -3 -14
right_child=-2 2 3 4 -6 -7 7 -9 10 -11 -12 -13 13 -15
leaf_value=-0.0089082771924308187 0.017836068127001652 -0.053713737818809559 0.52921174047242647 -0.0066161193864560236 0.028305618249203652 -0.012792800970561208 1.0035634473066763 -0.050515798693102777 -0.050474844508308907 -0.17789174781420189 0.43064253915333633 0.42854651889556872 -0.069050773131696414 0.096690877320959906
leaf_weight=606.44014581199735 70.0029879771173 1.0421067941933859 0.085608723806216758 19.670586325461048 44.973804462468252 65.778898515738547 0.14228476001881052 0.1218919581733644 1.6033683414570985 0.71352326544001599 0.10326525894924987 0.10368095361627627 0.80865047941915591 10.249035176821051
leaf_count=189843 976 40 2 743 1326 11465 18 27 391 12 7 4 41 358
internal_value=-0.00354112 -0.00553153 0.00855266 0.0027334 0.0155442 -0.00959072 0.0879183 0.517208 0.0281013 -0.0126114 0.00440407 -0.0213806 0.0726603 0.0845702
internal_weight=821.84 751.837 145.397 133.297 65.3579 67.939 2.1601 0.264177 1.89592 20.3841 1.81031 1.70705 12.0998 11.0577
internal_count=205253 204277 14434 13995 2081 11914 449 45 404 755 402 395 439 399
is_linear=0
shrinkage=0.05


Tree=54
num_leaves=15
num_cat=0
split_feature=10 0 6 2 1 12 6 6 0 6 2 4 11 9
split_gain=12.9968 15.6506 15.9093 9.3369 9.24148 7.20376 7.18009 7.11173 25.7951 32.5229 20.2246 11.5448 8.19757 14.3972
threshold=0.14835164835164838 103.18500000000002 61.948025974025974 174.21650000000002 1.5000000000000002 0.79361054766734285 98.256151018099573 31.150645780051157 33.925000000000004 20.622125850340137 17.31366666666667 42.547836257309946 53.500000000000007 13.500000000000002
decision_type=2 2 2 2 2 2 2 2 2 2 2 2 2 2
left_child=1 7 -3 -4 -5 -2 -6 8 12 10 -10 -11 -1 -14
right_child=5 2 3 4 6 -7 -8 -9 9 11 -12 -13 13 -15
leaf_value=-0.013533044480640017 0.017080387822630088 0.054858481790114579 -0.0037897895478969665 -0.008146817460314518 0.080019470043340979 -0.017840341506908702 0.022321342663249571 -0.014924654133412291 0.61957021557552439 0.0026504061045499248 0.13295832126944529 0.11016268354089115 -0.050410290689982255 0.15456886862466374
leaf_weight=127.98892366630025 100.66566594061442 15.215768568683414 151.57865176722407 13.827124605886636 8.5160732320509869 17.307495418004692 14.697990326676516 335.16484561190009 0.22305774898268538 20.535218898672614 4.9980768186505884 2.8425890966318539 1.5309163930360221 1.9449750385247169
leaf_count=45250 2483 1189 24734 212 116 373 255 124793 22 4941 382 26 242 235
internal_value=-0.00339366 -0.00598426 0.00567686 0.00170943 0.0242131 0.0119573 0.0434879 -0.010784 -0.0021136 0.0409214 0.153747 0.0157232 -0.0114755 0.0642882
internal_weight=817.037 699.064 203.836 188.62 37.0412 117.973 23.2141 495.229 160.064 28.5989 5.22113 23.3778 131.465 3.47589
internal_count=205253 202397 26506 25317 583 2856 371 175891 51098 5371 404 4967 45727 477
is_linear=0
shrinkage=0.05


Tree=55
num_leaves=15
num_cat=0
split_feature=8 0 9 0 11 5 6 12 11 1 11 4 4 11
split_gain=11.9978 12.6174 6.23795 6.9401 16.3026 6.44931 6.24243 5.73382 7.84841 6.24035 5.5977 5.52596 6.53911 7.02897
threshold=0.36666666666666675 199.34500000000006 1.0000000180025095e-35 14.565000000000003 15.500000000000002 117.50000000000001 102.79800438596494 0.04210992907801419 15.500000000000002 2.5000000000000004 20.500000000000004 98.544808429118788 102.90283333333333 27.500000000000004
decision_type=2 2 2 2 2 2 2 2 2 2 2 2 2 2
left_child=1 2 3 4 -1 6 -5 8 -3 11 -2 -10 -13 -14
right_child=10 7 -4 5 -6 -7 -8 -9 9 -11 -12 12 13 -15
leaf_value=-0.050547765242548753 -0.022617479878471493 -0.092843009243767941 -0.0080219412684500585 -0.025817289270664942 0.49736713125997833 0.22319000148996532 0.32989361219201618 0.070324952602067628 -0.045270885772381225 0.020419094489881245 0.021055267057341079 0.066767920995027333 0.034258188611238749 -0.032025676186368521
leaf_weight=0.26938064023852293 8.2772830077446979 1.8431707210838784 639.80450690770522 2.0311364214867362 0.27369266888126731 0.36430236184969533 0.13131240429356683 4.016916435211896 7.367682606913152 60.703437889926136 64.600703714415431 3.5644261389970806 6.3271403722465065 10.872415281832216
leaf_count=31 103 16 202805 316 29 27 11 28 50 541 1151 18 52 75
internal_value=-0.0032586 -0.0051709 -0.00768078 0.0634233 0.225585 0.02857 -0.00421712 0.0118684 0.00927886 0.0113977 0.016095 -0.00806892 0.00513145 -0.00764206
internal_weight=810.448 737.57 642.874 3.06982 0.543073 2.52675 2.16245 94.6952 90.6783 88.8351 72.878 28.1317 20.764 17.1996
internal_count=205253 203999 203219 414 60 354 327 780 752 736 1254 195 145 127
is_linear=0
shrinkage=0.05


Tree=56
num_leaves=15
num_cat=0
split_feature=10 12 4 6 11 6 0 0 2 9 0 9 7 11
split_gain=11.418 14.6912 13.5179 20.5002 8.73356 6.5529 6.60162 6.47521 6.46235 11.5142 6.24028 12.435 10.2261 11.9923
threshold=0.63068181818181823 0.55718954248366026 97.368448275862093 82.0672024456522 16.500000000000004 103.53482142857145 130.95500000000001 180.87000000000003 100.46900000000001 3.5000000000000004 26.565000000000001 9.5000000000000018 2.5000000000000004 43.500000000000007
decision_type=2 2 2 2 2 2 2 2 2 2 2 2 2 2
left_child=2 -2 4 8 -1 6 -3 10 9 -4 11 -5 13 -13
right_child=1 5 3 7 -6 -7 -8 -9 -10 -11 -12 12 -14 -15
leaf_value=-0.043114361574162034 0.049845420228565911 0.0014324064528260241 0.34511604572603943 -0.0060548735959285371 -0.0073895431469856764 0.095917733653673218 -0.090829545485448457 0.012443681160925582 0.044654694712824426 0.089117857542945614 -0.012857792814848702 -0.050900409231212029 0.45442776699122167 0.40076575512056867
leaf_weight=17.643690983764827 22.028791356831789 47.572524939663708 0.50147931836545367 2.2033846450503911 563.1287789165508 1.7574017867445935 2.0212318617850533 76.419900366105139 8.9089356791228038 3.5389475610572845 59.614549223333597 0.43855211324989785 0.29542913427576423 0.22103327955119312
leaf_count=6030 516 525 27 417 182089 12 27 969 318 205 13994 83 24 17
internal_value=-0.00311663 0.0156876 -0.00499933 0.0082678 -0.00847485 0.00103448 -0.0023278 0.0026697 0.0684418 0.120891 -0.00922916 0.0592611 0.209956 0.100457
internal_weight=806.295 73.3799 732.915 152.142 580.772 51.3512 49.5938 139.193 12.9494 4.04043 62.7729 3.1584 0.955015 0.659585
internal_count=205253 1080 204173 16054 188119 564 552 15504 550 232 14535 541 124 100
is_linear=0
shrinkage=0.05


Tree=57
num_leaves=15
num_cat=0
split_feature=12 0 6 6 0 5 5 6 4 3 5 11 5 2
split_gain=10.6069 11.0086 15.3904 9.84417 13.8476 28.6234 8.09039 9.80505 23.9199 7.71867 7.90938 10.8752 21.0027 24.5373
threshold=0.043961352657004842 103.18500000000002 54.893692255434793 114.08756666666667 109.66500000000001 84.500000000000014 56.500000000000007 96.358507758159462 109.77463235294118 22.500000000000004 97.500000000000014 30.500000000000004 92.500000000000014 103.18562500000002
decision_type=2 2 2 2 2 2 2 2 2 2 2 2 2 2
left_child=1 -1 -3 6 5 -5 -4 8 9 -8 11 12 -11 -14
right_child=-2 2 3 4 -6 -7 7 -9 -10 10 -12 -13 13 -15
leaf_value=-0.0094109597455257349 0.010990436438111836 0.069855420289061942 -0.022352102908796006 0.81372608057815077 0.028437498176420703 0.058887900152036321 -0.01015771662478963 -0.01199136233991409 0.090695187005532474 0.02577449703486134 0.0064833692637382622 0.0062286932464183436 0.41741087993016618 0.071559334701169
leaf_weight=485.97279375605285 116.06988642853685 8.6308527159271744 38.295874458621256 0.17352326330729084 17.368413909804076 0.45464321551844478 37.389897334272973 57.101407363079488 9.2666275489609671 2.873443034244703 20.75426785973832 4.6030606688000262 0.97257500956766341 1.0849436270073054
leaf_count=173472 5680 404 5639 33 543 50 7886 5052 261 687 4164 1066 207 109
internal_value=-0.00298647 -0.00535498 0.00455153 0.00159035 0.0367785 0.267403 -0.00208413 0.00370626 0.0153556 0.00503996 0.023801 0.0614991 0.113094 0.235041
internal_weight=801.012 684.942 198.97 190.339 17.9966 0.628166 172.342 134.046 76.9448 67.6782 30.2883 9.53402 4.93096 2.05752
internal_count=205253 199573 26101 25697 626 83 25071 19432 14380 14119 6233 2069 1003 316
is_linear=0
shrinkage=0.05


Tree=58
num_leaves=15
num_cat=0
split_feature=8 2 5 11 9 0 2 7 0 11 6 11 9 9
split_gain=9.88996 10.6285 7.81814 6.67785 8.37927 8.76108 6.0081 5.66873 6.22649 5.3947 7.4677 17.8646 5.67845 7.65987
threshold=0.83333333333333337 174.21650000000002 15.500000000000002 15.500000000000002 1.0000000180025095e-35 14.565000000000003 88.670833333333348 3.5000000000000004 106.23500000000001 49.500000000000007 107.05263238067606 50.500000000000007 10.500000000000002 11.500000000000002
decision_type=2 2 2 2 2 2 2 2 2 2 2 2 2 2
left_child=1 3 -3 -1 5 -5 -7 8 -4 -6 12 -12 -11 -14
right_child=-2 2 7 4 9 6 -8 -9 -10 10 11 -13 13 -15
leaf_value=-0.040284563053500734 0.015230535142164978 -0.090250853484769439 -0.038842408041466964 0.29529941671357685 -0.0064274907752795351 -0.010412321542210015 0.21884184032049248 0.1367036750512956 0.027784906091897252 -0.035607705534999527 0.51076315413365792 0.017323121344031602 0.11970713536711669 0.01404280956254942
leaf_weight=13.96895447198767 68.967912368476391 1.5483548885676999 3.897292398614808 0.43302534101530854 651.0284805749543 1.24782442394644 0.37068425072357047 1.0902630989439774 34.973619910655543 4.3948251425754341 0.26007874007336695 0.62237818143330514 2.0164248975925139 11.479951582616193
leaf_count=4418 976 21 183 29 194276 183 40 19 575 1154 15 60 474 2830
internal_value=-0.00286501 -0.00458089 0.0199872 -0.00606788 -0.00535646 0.0955386 0.0420934 0.0242586 0.0211047 -0.00566549 0.020759 0.16275 0.0137555 0.0298296
internal_weight=796.3 727.332 41.5095 685.823 671.854 2.05153 1.61851 39.9612 38.8709 669.802 18.7737 0.882457 17.8912 13.4964
internal_count=205253 204277 798 203479 199061 252 223 777 758 198809 4533 75 4458 3304
is_linear=0
shrinkage=0.05


Tree=59
num_leaves=15
num_cat=0
split_feature=10 12 4 6 11 5 1 9 0 5 6 4 2 5
split_gain=9.22878 14.381 11.3799 17.594 8.17618 6.18684 7.28781 7.23113 6.05093 5.81691 5.80814 36.1931 28.6084 28.1483
threshold=0.63068181818181823 0.55718954248366026 97.368448275862093 82.0672024456522 16.500000000000004 89.500000000000014 2.5000000000000004 7.5000000000000009 35.895000000000003 64.500000000000014 56.491535133264115 71.213623511904771 59.850833333333341 96.500000000000014
decision_type=2 2 2 2 2 2 2 2 2 2 2 2 2 2
left_child=2 -2 4 8 -1 -3 -7 -8 -4 -10 11 -6 13 -13
right_child=1 5 3 -5 10 6 7 -9 9 -11 -12 12 -14 -15
leaf_value=-0.042380648812865782 0.049341308208403746 0.012891797945576653 -0.053427802686983841 0.0024980743147130207 -0.0040432595409696948 0.0331714068900925 -0.067891189356907231 0.0078149286008577772 0.019531663799063691 0.095571329742496519 -0.012593251783167909 0.98884353789358725 0.10463074723705948 0.16093854634043225
leaf_weight=16.486379571259022 20.831221036612988 33.330405129119754 1.0258871202822764 137.67377413820941 313.72898660216015 4.333778397645804 8.9297323413193208 4.8767180060967794 3.5728188925422719 8.4954254059120995 235.73614822304808 0.19239945709705297 3.1965845683589578 0.2201338903978467
leaf_count=6030 516 347 48 15504 102632 48 107 62 281 221 79287 33 130 7
internal_value=-0.00273996 0.0142894 -0.00444925 0.00776565 -0.00768265 0.000103116 -0.0233945 -0.0411503 0.0631498 0.0730597 -0.00664835 -0.00223215 0.155202 0.547061
internal_weight=792.63 72.3019 720.329 150.768 569.561 51.4706 18.1402 13.8065 13.0941 12.0682 553.074 317.338 3.60912 0.412533
internal_count=205253 1080 204173 16054 188119 564 217 169 550 502 182089 102802 170 40
is_linear=0
shrinkage=0.05


Tree=60
num_leaves=15
num_cat=0
split_feature=10 2 3 6 10 6 4 3 0 6 2 1 4 6
split_gain=8.68189 11.3858 8.35122 12.8503 7.27851 6.9355 37.4537 18.4334 15.2907 11.0514 8.66608 27.5721 10.618 7.47135
threshold=0.14835164835164838 108.19900000000003 14.500000000000002 63.13797478991598 0.13809523809523813 41.33084913217624 47.109246411483262 7.5000000000000009 91.595000000000013 39.739855072463776 63.13183333333334 2.5000000000000004 27.792586956521742 35.569900446775456
decision_type=2 2 2 2 2 2 2 2 2 2 2 2 2 2
left_child=1 5 4 -4 -3 6 8 -8 10 13 -1 12 -12 -9
right_child=-2 2 3 -5 -6 -7 7 9 -10 -11 11 -13 -14 -15
leaf_value=-0.0085964108972321884 0.010064573940396761 -0.0089994120688115433 0.099121431165506355 0.01120346983326217 -0.21971705496075691 -0.013156897775364274 -0.031752847207849065 0.1122794725651928 0.11119314216509589 -0.016575816251006646 0.28377251835195055 0.48230149673528078 -0.050627712558813924 0.22245718794501756
leaf_weight=199.84075745276641 115.04805357032456 44.415285431081429 4.3297661934047929 103.68973381049 0.41362437722273071 305.84163198980968 2.2092661906499398 3.7264751777984202 2.7479199097724623 1.0608187572797758 0.28730302304029409 0.37508543184958387 1.3662069139536468 2.6208669673651457
leaf_count=69374 2856 4804 135 9284 18 117939 180 62 49 184 2 38 191 137
internal_value=-0.00262845 -0.00479854 0.00719841 0.0147275 -0.0109436 -0.0083244 -0.00142552 0.0950049 -0.00595794 0.132807 -0.00755265 0.0952704 0.00747547 0.157773
internal_weight=787.973 672.925 152.848 108.02 44.8289 520.076 214.235 9.61743 204.617 7.40816 201.869 2.0286 1.65351 6.34734
internal_count=205253 202397 14241 9419 4822 188156 70217 563 69654 383 69605 231 193 199
is_linear=0
shrinkage=0.05


Tree=61
num_leaves=15
num_cat=0
split_feature=2 10 12 11 9 11 11 11 1 3 5 11 4 6
split_gain=8.42146 9.11628 13.8481 10.3986 8.05734 9.273 9.42386 8.80586 30.2665 80.7721 7.01115 22.9604 6.71368 12.231
threshold=174.21650000000002 0.63068181818181823 0.55718954248366026 16.500000000000004 1.5000000000000002 34.500000000000007 36.500000000000007 20.500000000000004 1.5000000000000002 13.500000000000002 113.50000000000001 19.500000000000004 17.071269841269846 11.847573473038592
decision_type=2 2 2 2 2 2 2 2 2 2 2 2 2 2
left_child=1 3 -3 -1 5 7 -7 8 9 -5 12 -12 13 -10
right_child=-2 2 -4 4 -6 6 -8 -9 10 -11 11 -13 -14 -15
leaf_value=-0.042963107627214926 0.019398805989361445 0.048802197697143827 -0.00041185992509248665 -0.050204662980711884 -0.005097102034476577 0.42363554825882838 0.060502041090747152 -0.023452749894021501 -0.050500289464194936 2.0252571781642232 -0.050467082465652374 0.84719215366780176 -0.019307542980400928 0.51556380549921832
leaf_weight=18.07381347566843 41.501795137068257 19.791760630905628 51.456453604623675 0.13340656878426616 645.64849759137724 0.31490813731215883 0.41295327199622989 3.5262040486559272 0.2075714706443258 0.072275450685992837 0.1979281068779527 0.11128941597416997 1.9128361395560203 0.17662712815217674
leaf_count=6458 803 515 564 43 195213 22 24 970 48 28 45 11 471 38
internal_value=-0.0025198 -0.00374569 0.0132591 -0.00555187 -0.00451595 0.0485866 0.217611 0.0291761 0.0951734 0.6791 0.0490907 0.272606 0.0190019 0.209736
internal_weight=783.538 742.037 71.2482 670.788 652.714 7.066 0.727861 6.33814 2.81193 0.205682 2.60625 0.309218 2.29703 0.384199
internal_count=205253 204450 1079 203371 196913 1700 46 1654 684 71 613 56 557 86
is_linear=0
shrinkage=0.05


Tree=62
num_leaves=15
num_cat=0
split_feature=4 6 10 12 11 12 9 2 12 6 11 3 11 0
split_gain=7.93983 14.4269 9.84017 7.66511 9.66577 14.0697 8.63651 7.50152 6.72686 10.6713 10.517 9.61203 7.23892 6.73693
threshold=98.544808429118788 81.417432659932672 0.11437908496732027 0.65571120689655182 28.500000000000004 0.14459930313588851 8.5000000000000018 114.73250000000002 0.018350168350168353 129.47165750915755 21.500000000000004 27.500000000000004 16.500000000000004 133.10500000000005
decision_type=2 2 2 2 2 2 2 2 2 2 2 2 2 2
left_child=2 -2 8 4 5 6 7 -4 12 10 13 -11 -1 -10
right_child=1 -3 3 -5 -6 -7 -8 -9 9 11 -12 -13 -14 -15
leaf_value=-0.042374830695644704 0.059281132168683873 0.003242463858012282 -0.025936177778971854 -0.010210498666945216 0.035305492803130632 0.035076175007648147 -0.22596588675912513 0.1896085943311431 0.031994974467473035 -0.050214277786123897 -0.03448489752470639 0.50759449521788003 -0.0049019989066664419 0.27828320074502788
leaf_weight=13.260950627853161 12.551460404181851 135.18873754853848 20.646238014101989 36.771894015371799 38.248006761306897 16.045070182532072 0.53062530979514022 0.41170793178025533 3.6398851876147087 0.13672270020469923 43.95745399966836 0.17748388089239597 458.07047201367095 0.30059085600078095
leaf_count=5838 444 14067 1220 514 1859 269 14 22 1095 50 14315 18 165484 44
internal_value=-0.00243242 0.0080033 -0.00487118 0.00852508 0.0176043 -0.000385949 -0.0267421 -0.021722 -0.00777592 -0.0255649 -0.0274701 0.264872 -0.0059563 0.0507825
internal_weight=779.937 147.74 632.197 112.654 75.8816 37.6336 21.5886 21.0579 519.544 48.2121 47.8979 0.314207 471.331 3.94048
internal_count=205253 14511 190742 3898 3384 1525 1256 1242 186844 15522 15454 68 171322 1139
is_linear=0
shrinkage=0.05


Tree=63
num_leaves=15
num_cat=0
split_feature=2 8 5 11 9 5 5 0 10 12 2 11 6 11
split_gain=7.3848 7.9032 6.27481 5.52383 5.96967 6.1576 13.1625 5.16587 7.09355 5.84039 6.10563 5.02989 5.82479 11.2459
threshold=174.21650000000002 0.83333333333333337 15.500000000000002 15.500000000000002 1.0000000180025095e-35 49.500000000000007 36.500000000000007 54.715000000000011 0.9545454545454547 0.069366479550922219 105.11857142857144 49.500000000000007 107.05263238067606 50.500000000000007
decision_type=2 2 2 2 2 2 2 2 2 2 2 2 2 2
left_child=1 3 -2 7 5 6 -5 9 -9 10 -1 -6 -13 -14
right_child=2 -3 -4 4 11 -7 -8 8 -10 -11 -12 12 13 -15
leaf_value=-0.039959896878470673 -0.077762718986558677 0.012898425108888565 0.022159683102573473 -0.050312856347231753 -0.0055475955997746811 0.044250960318472733 0.61766998516304417 -0.065145916832026224 -0.51847662887900248 0.091098388145416057 0.28948951548942103 0.014276633511928816 0.37548484595322251 0.01604984016692558
leaf_weight=4.9159835221944359 1.6357372745405871 66.899646006524563 39.783755630021915 0.14551579067483489 634.44212803838309 2.0956097461748868 0.14952806942164898 5.8593731316505 0.08758244290947903 1.2259869708213953 0.14477663300931443 17.716719944495711 0.33313334546983142 0.62757919169962406
leaf_count=2421 22 971 781 26 194276 212 14 1920 2 62 13 4458 15 60
internal_value=-0.00232769 -0.00348582 0.0182136 -0.00512731 -0.00450605 0.0743606 0.28822 -0.0384159 -0.0718222 -0.0068152 -0.0305351 -0.00479473 0.0207788 0.140686
internal_weight=776.063 734.644 41.4195 667.744 655.51 2.39065 0.295044 12.2337 5.94696 6.28675 5.06076 653.12 18.6774 0.960713
internal_count=205253 204450 803 203479 199061 252 40 4418 1922 2496 2434 198809 4533 75
is_linear=0
shrinkage=0.05


Tree=64
num_leaves=15
num_cat=0
split_feature=4 6 10 12 11 9 5 3 11 12 11 9 6 9
split_gain=6.95249 10.0785 7.40328 6.9613 7.0201 6.54038 9.68921 5.99149 5.90916 6.75553 10.056 8.36301 7.64149 6.47785
threshold=103.77881944444447 89.023396520146534 0.11437908496732027 0.80707196029776684 21.500000000000004 11.500000000000002 87.500000000000014 22.500000000000004 16.500000000000004 0.018350168350168353 21.500000000000004 3.5000000000000004 129.47165750915755 1.5000000000000002
decision_type=2 2 2 2 2 2 2 2 2 2 2 2 2 2
left_child=2 5 8 4 7 -2 -7 -4 -1 13 11 -11 -12 -10
right_child=1 -3 3 -5 -6 6 -8 -9 9 10 12 -13 -14 -15
leaf_value=-0.038981482446616991 0.036274010733047223 0.0032167550767015019 0.0039788489791551971 -0.024478539570499423 0.018459750437589694 0.26490739726074386 -0.0013106527553374053 -0.056622693807692019 0.044948249648275845 -0.050729417495248341 -0.031892307868558026 0.10878024749125854 0.18239527489005047 -0.004665900631184901
leaf_weight=13.746214323560705 14.406784137478096 97.17587658285629 12.670996011933314 14.945565182482822 81.287143261870369 0.79014650313183554 0.60232824250124395 6.0145413381978861 6.671230394858866 1.2306892268825316 44.976566250668839 2.4728423010092229 0.41991364350542326 475.84776326478459
leaf_count=6174 707 8101 292 342 3226 43 16 149 1507 326 14743 657 74 168896
internal_value=-0.00222337 0.0092384 -0.00418449 0.00734915 0.0121073 0.0462755 0.149752 -0.0155277 -0.00661483 -0.00577792 -0.0234471 0.0557749 -0.0299102 -0.00397994
internal_weight=773.259 112.975 660.283 114.918 99.9727 15.7993 1.39247 18.6855 545.365 531.619 49.1 3.70353 45.3965 482.519
internal_count=205253 8867 196386 4009 3667 766 59 441 192377 186203 15800 983 14817 170403
is_linear=0
shrinkage=0.05


Tree=65
num_leaves=15
num_cat=0
split_feature=4 12 11 12 6 6 10 12 3 0 6 6 9 11
split_gain=6.56991 7.42741 10.2816 8.84316 6.67966 6.6684 7.8644 7.94437 6.61505 6.57726 38.6066 14.6271 33.8527 48.5933
threshold=147.30080882352945 0.059714795008912663 16.500000000000004 0.55718954248366026 103.53482142857145 109.31165644778483 0.51666666666666672 0.091966173361522213 2.5000000000000004 77.585000000000022 44.227806603773594 41.707576507650778 8.5000000000000018 29.500000000000004
decision_type=2 2 2 2 2 2 2 2 2 2 2 2 2 2
left_child=1 2 -1 5 -5 6 7 -3 -2 -4 11 -11 -13 -14
right_child=8 3 9 4 -6 -7 -8 -9 -10 10 -12 12 13 -15
leaf_value=-0.04678935085871843 -0.11341468953170762 0.031215198446709128 -0.0079973357054900201 -0.0065373256602886051 0.084667944045260096 0.23697175266844772 0.050741944113305529 -0.030849374073975075 0.02560951016878656 0.08072241688106023 -0.001744261724784536 0.072400145767365878 1.7982036784781874 0.28090107726883184
leaf_weight=14.346908415085634 0.88277345662936824 12.518349251942711 391.21990487340372 51.809966166736558 2.0884167526382944 0.37868465227074821 17.722642719745636 8.7668128206860256 27.840533452574164 9.7250682309968361 232.31245299824513 0.46772890887223262 0.081101726274937391 0.15104275150224566
leaf_count=6211 17 947 144731 942 25 35 516 778 793 309 49721 157 11 60
internal_value=-0.00212607 -0.00303483 -0.00493295 0.0101566 -0.00300337 0.0281653 0.0261382 0.00565239 0.0213368 -0.00398571 0.00247983 0.0966106 0.317385 0.810984
internal_weight=770.312 741.589 648.304 93.2849 53.8984 39.3865 39.0078 21.2852 28.7233 633.957 242.737 10.4249 0.699873 0.232144
internal_count=205253 204443 201200 3243 967 2276 2241 1725 810 194989 50258 537 228 71
is_linear=0
shrinkage=0.05


Tree=66
num_leaves=15
num_cat=0
split_feature=0 8 6 4 3 6 3 4 0 6 0 6 3 6
split_gain=6.26887 7.56326 5.64685 27.8977 14.0262 17.435 10.4624 12.473 10.269 8.63623 8.46913 7.68985 7.60521 7.39139
threshold=199.34500000000006 0.36666666666666675 41.33084913217624 43.274307692307701 29.500000000000004 36.719413919413931 7.5000000000000009 47.109246411483262 91.595000000000013 39.739855072463776 21.575000000000003 35.162443223443226 13.500000000000002 35.569900446775456
decision_type=2 2 2 2 2 2 2 2 2 2 2 2 2 2
left_child=1 2 3 8 6 -6 -5 11 -1 10 -9 12 -8 -12
right_child=-2 -3 -4 4 5 -7 7 9 -10 -11 13 -13 -14 -15
leaf_value=-0.0051100117995086193 0.010144625733364443 0.011915031732546374 -0.0091986371989402193 -0.028977759290655165 0.67140931207497923 0.12934315229265475 0.27128172521909966 -0.045926463512766386 0.096262147021702882 -0.01635804230889128 0.11218294422870788 -0.032149613526046499 -0.05078973224508905 0.2297407282365577
leaf_weight=204.74047352257185 92.701710223453119 69.355617491994053 382.52240708062891 2.8515542526729378 0.20534825325012285 0.53432817198336124 0.46827531559392666 0.56186814093962301 2.5290903870481989 1.0423837034031747 3.4581147716380656 2.9695736422436312 0.30118343140929937 2.1800105844158679
leaf_count=68978 786 1248 132433 321 9 72 28 33 41 185 51 918 32 118
internal_value=-0.00204602 -0.00372341 -0.00551805 0.00082839 0.0676983 0.279831 0.0563551 0.0785136 -0.00387307 0.116802 0.13919 0.00435055 0.145216 0.157637
internal_weight=766.422 673.72 604.365 221.842 14.5726 0.739676 13.833 10.9814 207.27 7.24238 6.19999 3.73903 0.769459 5.63813
internal_count=205253 204467 203219 70786 1767 81 1686 1365 69019 387 202 978 60 169
is_linear=0
shrinkage=0.05


Tree=67
num_leaves=15
num_cat=0
split_feature=2 10 12 11 11 9 6 11 12 5 5 0 2 5
split_gain=6.00529 6.33649 12.4725 8.40061 6.3018 8.71328 7.25467 8.70812 7.99579 7.89948 6.41201 8.52456 6.86594 5.51846
threshold=174.21650000000002 0.63068181818181823 0.55718954248366026 16.500000000000004 31.500000000000004 10.500000000000002 36.332519157088129 23.500000000000004 0.62678571428571439 99.500000000000014 85.500000000000014 18.135000000000002 86.378750000000011 15.500000000000002
decision_type=2 2 2 2 2 2 2 2 2 2 2 2 2 2
left_child=1 3 -3 -1 6 10 7 8 -4 -8 12 -12 -6 -2
right_child=13 2 4 -5 5 -7 9 -9 -10 -11 11 -13 -14 -15
leaf_value=-0.041012089344974995 -0.074375356772500734 0.048094528911839421 0.013128188548569175 -0.0036504218017833247 0.0091088155091965592 0.043773664492589653 0.048122493817968487 0.029527185510725112 -0.10692927311117871 -0.040659538697196032 -0.18752734445100053 -0.047171720190513029 -0.091312886821119016 0.020334222699643308
leaf_weight=15.408523344318381 1.60043922998011 17.346736127510667 2.2813827991485613 638.09126428619493 8.2401625663042122 4.1510296789929262 15.224220671691002 5.1258341716602445 3.5368400812149048 2.9990174788981667 1.3263562461361278 5.8675410719588399 2.1452189143747082 39.453614661702886
leaf_count=6458 22 515 12 196913 89 49 164 51 40 39 15 80 25 781
internal_value=-0.00195932 -0.0030174 0.0114801 -0.00453135 -0.000998738 -0.0213818 0.0141871 -0.0179906 -0.0598536 0.0335115 -0.036767 -0.0730494 -0.0116344 0.0166421
internal_weight=762.798 721.744 68.2443 653.5 50.8976 21.7303 29.1673 10.9441 5.81822 18.2232 17.5793 7.1939 10.3854 41.0541
internal_count=205253 204450 1079 203371 564 258 306 103 52 203 209 95 114 803
is_linear=0
shrinkage=0.05


Tree=68
num_leaves=15
num_cat=0
split_feature=4 6 5 10 12 11 9 6 11 11 1 11 9 3
split_gain=5.74617 12.349 6.86952 6.67549 6.91213 9.19804 9.69119 7.30241 6.95288 7.7863 12.4354 8.43087 40.4217 63.8089
threshold=98.544808429118788 75.554263529092651 64.500000000000014 0.10818713450292398 0.018350168350168353 21.500000000000004 8.5000000000000018 129.47165750915755 39.500000000000007 35.500000000000007 10.500000000000002 34.500000000000007 4.5000000000000009 10.500000000000002
decision_type=2 2 2 2 2 2 2 2 2 2 2 2 2 2
left_child=3 2 -2 4 8 6 -6 -7 9 11 -11 -1 13 -13
right_child=1 -3 -4 -5 5 7 -8 -9 -10 10 -12 12 -14 -15
leaf_value=-0.0062530186258413084 0.0061780087839097492 0.0038321244959278176 0.11125417728940433 0.0069771703996742958 0.034292349130956988 -0.035759934558289429 0.60166750474977782 0.16840705500254283 0.0097602594126310147 -0.025341872470609584 0.62113836670058042 1.2831596042833846 0.00987725595309627 0.17150184681478467
leaf_weight=312.96990019251825 2.4399614476133129 140.30852432281245 4.2908214300405234 112.93295231950469 4.1025369651615611 37.983892219839618 0.076668601715937146 0.44306934089399774 70.437387412472162 56.331877948949113 0.074484053300692632 0.15000019455328828 15.997624679002909 0.92582962336018682
leaf_count=118707 89 14315 107 4448 1109 13782 18 63 25352 20635 29 58 6185 356
internal_value=-0.00187018 0.00700578 0.0731632 -0.00400123 -0.0064834 -0.0257444 0.044701 -0.0334059 -0.00468724 -0.00732056 -0.0244882 -0.00438651 0.0298281 0.326497
internal_weight=759.466 147.039 6.73078 612.426 499.493 42.6062 4.17921 38.427 456.887 386.45 56.4064 330.043 17.0735 1.07583
internal_count=205253 14511 196 190742 186294 14972 1127 13845 171322 145970 20664 125306 6599 414
is_linear=0
shrinkage=0.05


Tree=69
num_leaves=15
num_cat=0
split_feature=11 12 12 3 2 6 5 2 0 0 0 6 3 6
split_gain=5.62732 6.83791 9.50687 8.15299 7.64958 7.43102 8.63838 7.54274 6.85827 16.2942 6.09614 5.96886 14.6047 5.92797
threshold=19.500000000000004 0.057983193277310933 0.63245614035087727 24.500000000000004 108.19900000000003 74.282016826923098 63.500000000000007 109.38250000000001 50.155000000000008 71.665000000000006 127.05500000000002 71.551009615384629 16.500000000000004 33.95551346037508
decision_type=2 2 2 2 2 2 2 2 2 2 2 2 2 2
left_child=-1 4 3 -3 13 6 -6 -7 -8 -10 -11 -12 -13 -2
right_child=1 2 -4 -5 5 7 8 -9 9 10 11 12 -14 -15
leaf_value=-0.016263008959764132 0.002649129472088934 0.016553173952084204 -0.0044405667573027855 0.06687620911436977 -0.0079156050420888021 0.077603536616552712 -0.053145849898652502 0.0025498279024654159 0.38926363777087852 -0.021834424281421697 0.080832779048179343 0.51782708972739588 0.030376189391425515 -0.0092543118867168261
leaf_weight=61.782818231964484 155.71403326460859 30.086592456093058 39.053432081593201 10.988159365486352 4.385207776213063 3.4386153490049756 0.82661191793158639 126.38062754168641 0.45171906333416689 1.2184052453376351 3.7450003777630627 0.27772486070170987 0.343993557151407 318.5845858042594
leaf_count=16613 51237 1688 701 532 397 667 40 11608 26 197 131 17 29 121370
internal_value=-0.00180175 -0.000517111 0.013222 0.0300154 -0.00230611 0.00791584 0.046901 0.00453783 0.0819245 0.100419 0.077058 0.104651 0.248123 -0.00534637
internal_weight=757.278 695.495 80.1282 41.0748 615.367 141.068 11.2487 129.819 6.86346 6.03684 5.58512 4.36672 0.621718 474.299
internal_count=205253 188640 2921 2220 185719 13112 837 12275 440 400 374 177 46 172607
is_linear=0
shrinkage=0.05


Tree=70
num_leaves=15
num_cat=0
split_feature=4 11 4 3 10 4 12 0 6 9 4 6 11 5
split_gain=5.55533 6.03188 6.43114 5.85648 5.75087 9.40585 7.82556 6.14812 29.0929 9.62993 10.4519 8.33057 15.8376 38.4008
threshold=147.30080882352945 14.500000000000002 123.19500000000001 2.5000000000000004 0.20714285714285716 117.28178571428572 0.79361054766734285 77.585000000000022 44.227806603773594 4.5000000000000009 43.624375000000008 43.473519975031216 29.500000000000004 88.500000000000014
decision_type=2 2 2 2 2 2 2 2 2 2 2 2 2 2
left_child=1 2 -1 -2 7 6 -6 -3 11 10 -10 -9 -13 -14
right_child=3 4 -4 -5 5 -7 -8 8 9 -11 -12 12 13 -15
leaf_value=-0.035196636360145597 -0.10825404034560882 -0.0076708545762234643 -0.26239839486650313 0.023916544124962871 0.015025089231390572 0.14315136716503185 -0.023721386685397982 0.07288390876685201 0.60586044066077771 -0.0059625247068788223 0.019806989116194142 0.11012042864719705 -0.050142171136659808 1.746191090660032
leaf_weight=8.6032559034647385 0.86429386306554334 385.36275133804884 0.32316085509955961 27.67810780974105 70.822235924657434 1.3046881305053819 15.96987007325515 10.644711730885316 0.076222677249460413 191.92486740462482 40.254077392048202 0.31449634919408787 0.063904597889631987 0.055668124463409185
leaf_count=2928 17 148307 8 793 1371 18 349 477 35 41608 9266 34 23 19
internal_value=-0.00172302 -0.00257402 -0.043422 0.0199143 -0.00206533 0.00989878 0.00789568 -0.00374181 0.00248054 -0.0012954 0.0209146 0.0816393 0.296348 0.786156
internal_weight=754.262 725.72 8.92642 28.5424 716.793 88.0968 86.7921 628.697 243.334 232.255 40.3303 11.0788 0.434069 0.119573
internal_count=205253 204443 2936 810 201507 1738 1720 199769 51462 50909 9301 553 76 42
is_linear=0
shrinkage=0.05


Tree=71
num_leaves=15
num_cat=0
split_feature=0 8 5 9 12 6 0 3 3 11 4 6 5 9
split_gain=5.15993 5.6958 5.59553 5.88919 5.25041 5.04193 85.8249 15.2998 23.1105 16.2015 12.2719 7.74932 9.35077 18.3427
threshold=199.34500000000006 0.83333333333333337 112.50000000000001 10.500000000000002 0.04210992907801419 13.575969696969699 21.575000000000003 28.500000000000004 32.500000000000007 46.500000000000007 13.027633333333336 10.86630158730159 60.500000000000007 7.5000000000000009
decision_type=2 2 2 2 2 2 2 2 2 2 2 2 2 2
left_child=1 5 4 -4 -2 6 -1 9 -9 10 -8 -12 13 -13
right_child=2 -3 3 -5 -6 -7 7 8 -10 -11 11 12 -14 -15
leaf_value=-0.0079171537430455779 0.0023711805889643075 0.010831686862440418 0.067049805442248603 -0.019821693239800549 0.063929237410862191 -0.0061730175575395547 -0.035448503070705406 0.7821150482128385 0.17142410488783236 0.59870537266506696 0.40204500833090751 0.97669260286956927 0.13536594118199394 -0.05039272287129988
leaf_weight=48.249799477285706 78.329785141162574 65.118989918380976 7.5043581500649434 2.6362886168062687 3.6241527814418069 541.928906443296 0.61661831487435881 0.29910395038314153 0.32137492159381509 0.22994414507411409 0.44887017761357162 0.097368637565523275 1.7158409582916645 0.078529670834541321
leaf_count=17362 672 972 66 20 28 185791 132 33 12 11 6 25 106 17
internal_value=-0.00165728 -0.00320628 0.00942871 0.0444656 0.00509339 -0.00474527 0.0101178 0.238654 0.46581 0.194431 0.162996 0.215275 0.170958 0.518151
internal_weight=751.2 659.105 92.0946 10.1406 81.9539 593.986 52.0575 3.80765 0.620479 3.18717 2.95723 2.34061 1.89174 0.175898
internal_count=205253 204467 786 86 700 203495 17704 342 45 297 286 154 148 42
is_linear=0
shrinkage=0.05


Tree=72
num_leaves=15
num_cat=0
split_feature=11 9 0 11 5 5 6 12 6 12 3 2 3 6
split_gain=5.09839 5.63821 6.39715 11.8998 15.6417 8.83982 22.5753 6.03836 8.73933 8.15577 7.35517 6.4955 6.16006 7.14077
threshold=19.500000000000004 1.5000000000000002 51.505000000000003 20.500000000000004 82.500000000000014 28.500000000000004 29.596904761904764 0.057983193277310933 104.39530172413795 0.63245614035087727 24.500000000000004 117.99700000000001 2.5000000000000004 74.282016826923098
decision_type=2 2 2 2 2 2 2 2 2 2 2 2 2 2
left_child=-1 2 -2 4 -4 -5 -7 11 9 10 -9 -3 -13 -14
right_child=1 7 3 5 -6 6 -8 8 -10 -11 -12 12 13 -15
leaf_value=-0.015481861513510057 -0.01164083289100637 -0.005003635926662948 -0.050743974415043414 0.24721318005931076 0.49894007635176729 1.1800998320965557 -0.0088708908123983458 0.011887290332549164 0.10112203868312503 -0.0075848394880787193 0.060817542286452288 -0.081986185399255063 0.055255289184722091 0.0062460876472192374
leaf_weight=60.73870629852172 2.5632204603170967 488.86364680819679 0.20124457380734417 0.47869667049963061 0.36261268728412688 0.0406223684549335 2.3211446066852659 28.430312209296972 2.6699494246859095 37.396080649923533 10.523042745888231 1.8607150351162989 8.002908048219977 104.26104409131221
leaf_count=16613 642 176589 42 30 29 3 444 1617 76 686 521 105 437 7419
internal_value=-0.00159569 -0.000369737 0.0480198 0.0929401 0.302754 0.0512902 0.0115794 -0.000793143 0.0122032 0.00909374 0.0251055 -0.00249627 0.00824426 0.00973978
internal_weight=748.714 687.975 5.96754 3.40432 0.563857 2.84046 2.36177 682.008 79.0194 76.3494 38.9534 602.988 114.125 112.264
internal_count=205253 188640 1190 548 71 477 447 187450 2900 2824 2138 184550 7961 7856
is_linear=0
shrinkage=0.05


Tree=73
num_leaves=15
num_cat=0
split_feature=4 11 9 8 0 0 6 4 6 6 5 0 4 1
split_gain=4.94053 5.48012 5.02194 6.08816 6.41848 12.8421 11.0055 20.0615 12.406 50.0219 28.4641 5.31935 6.02546 7.26067
threshold=147.30080882352945 15.500000000000002 1.5000000000000002 0.83333333333333337 17.815000000000001 10.235000000000001 11.847573473038592 11.857867132867135 20.622125850340137 21.441822115384621 58.500000000000007 51.505000000000003 29.904613095238098 1.5000000000000002
decision_type=2 2 2 2 2 2 2 2 2 2 2 2 2 2
left_child=1 -1 3 4 5 -3 -7 -8 -9 -10 -11 -6 -13 -14
right_child=-2 2 -4 -5 11 6 7 8 9 10 -12 12 13 -15
leaf_value=-0.035615767916364678 0.018899564783123636 -0.050438002078030966 -0.0022707605425301282 0.40738860897294527 -0.050822797576314506 -0.051346462179035691 0.99506576992772511 -0.050930317092617118 1.8172903763103698 0.90388738999749307 -0.05105273655033972 0.40410093348528076 0.13561279944635776 -0.0014197406848258385
leaf_weight=12.162488584639503 28.468280117958784 0.71608343371189853 695.43617604690371 0.10766956210136491 2.4726097615202871 0.27627407561521955 0.095413267146795988 0.26236552593763918 0.053501678630709648 0.10468019812833518 0.30656042497139424 0.10973375220783044 1.2531020678579805 4.2286759115522727
leaf_count=4431 810 187 198146 1 634 45 5 51 5 14 65 6 106 747
internal_value=-0.00152852 -0.00233895 -0.00176521 0.0334394 0.0293638 0.114318 0.221689 0.313398 0.223948 0.379127 0.192025 0.0102443 0.0372487 0.0299051
internal_weight=746.054 717.585 705.423 9.98667 9.879 1.81488 1.0988 0.822521 0.727108 0.464742 0.411241 8.06412 5.59151 5.48178
internal_count=205253 204443 200012 1866 1865 372 185 140 135 84 79 1493 859 853
is_linear=0
shrinkage=0.05


Tree=74
num_leaves=15
num_cat=0
split_feature=11 10 12 11 9 4 6 1 6 2 6 4 4 9
split_gain=4.60163 5.28383 11.7458 9.52561 6.1796 6.0782 11.7962 7.36637 7.25971 8.107 6.75921 11.2871 10.4899 9.89083
threshold=19.500000000000004 0.63068181818181823 0.55718954248366026 28.500000000000004 10.500000000000002 97.368448275862093 97.352342549923193 1.5000000000000002 72.27552230551801 108.19900000000003 105.51035899751639 111.69680481283423 147.30080882352945 11.500000000000002
decision_type=2 2 2 2 2 2 2 2 2 2 2 2 2 2
left_child=-1 5 -3 -4 -5 -2 7 -7 -9 -10 -8 13 -13 -12
right_child=1 2 3 4 -6 6 10 8 9 -11 11 12 -14 -15
leaf_value=-0.014749943547030561 -0.0042260718696250565 0.055145232806392955 0.032487737110059721 -0.02768262961588816 0.037306474684306139 -0.01673346936372699 -0.017419035808705206 0.099202376214812094 -0.0066562491218378587 0.042645855941239409 0.039612767548610567 -0.041437340849083681 0.017611122429662947 0.19757829538004457
leaf_weight=60.004120409954339 490.77058359561488 13.454712748527525 15.547449056524782 21.966506234370176 4.3885606462135902 8.3474746342981216 44.128542698686942 3.9461011271923772 11.818062314647248 28.31695368536748 8.6240515026729536 11.720169853651894 20.994404578115791 1.1195876317797218
leaf_count=16613 172811 465 158 270 55 932 5926 103 3036 2177 1060 960 588 99
internal_value=-0.00147279 -0.000309985 0.0145003 0.00144938 -0.0168609 -0.00161179 0.00761752 0.0263352 0.0344909 0.0281285 -0.00371611 0.0105259 -0.0035433 0.0577637
internal_weight=745.147 685.143 55.3572 41.9025 26.3551 629.786 139.015 52.4286 44.0811 40.135 86.5868 42.4582 32.7146 9.74364
internal_count=205253 188640 948 483 325 187692 14881 6248 5316 5213 8633 2707 1548 1159
is_linear=0
shrinkage=0.05


Tree=75
num_leaves=15
num_cat=0
split_feature=0 5 9 8 6 4 6 5 5 7 9 4 4 4
split_gain=4.23715 5.00453 5.12448 4.75348 5.53643 14.7566 13.2748 8.471 12.8761 21.1462 20.9479 34.3124 11.0985 8.68703
threshold=199.34500000000006 112.50000000000001 10.500000000000002 0.36666666666666675 83.43212673611113 85.272928571428579 56.491535133264115 62.500000000000007 68.500000000000014 2.5000000000000004 5.5000000000000009 86.904500000000013 99.85483333333336 86.082637254901968
decision_type=2 2 2 2 2 2 2 2 2 2 2 2 2 2
left_child=3 -2 -3 4 5 -1 -7 13 9 10 11 -9 -13 -8
right_child=1 2 -4 -5 -6 6 7 8 -10 -11 -12 12 -14 -15
leaf_value=-0.0037660975353757536 0.0045420956686794151 0.062727103172223006 -0.018762687608038769 0.0097621514673671139 -0.013078153598992845 0.13806722354868764 0.2044329141131101 1.4976263640546252 0.032115604511698218 0.88928935525988528 -0.050257916578596219 -0.05017909878199675 0.73814313435114787 -0.037878058653721153
leaf_weight=422.01450914726593 81.550933108432218 7.5219041965901834 2.5947270132601261 67.246788959018886 136.77527919295244 2.8288632109761265 0.39285216655116784 0.064610081841236844 13.949156025191767 0.10634489683434367 0.51572872558608651 0.15087681065779179 0.063412293558940291 6.3265200529713184
leaf_count=156168 700 66 20 1248 41882 52 178 29 3018 28 187 60 11 1606
internal_value=-0.00140709 0.00865688 0.0418265 -0.00282543 -0.00427689 -0.00158029 0.0362272 0.0228708 0.0439482 0.227144 0.138529 0.487625 0.183101 -0.0237112
internal_weight=742.103 91.6676 10.1166 650.435 583.188 446.413 24.3984 21.5695 14.8501 0.900973 0.794628 0.278899 0.214289 6.71937
internal_count=205253 786 86 204467 203219 161337 5169 5117 3333 315 287 100 71 1784
is_linear=0
shrinkage=0.05


Tree=76
num_leaves=15
num_cat=0
split_feature=11 10 6 12 10 11 3 11 5 5 9 6 9 6
split_gain=4.24157 4.68733 7.39656 6.8572 6.11433 10.2303 10.7101 11.1203 7.69117 5.78629 5.46031 8.81837 19.655 35.8194
threshold=19.500000000000004 0.20714285714285716 105.51035899751639 0.63245614035087727 0.51666666666666672 39.500000000000007 27.500000000000004 30.500000000000004 113.50000000000001 85.500000000000014 4.5000000000000009 5.810947888589399 3.5000000000000004 5.4340103646353652
decision_type=2 2 2 2 2 2 2 2 2 2 2 2 2 2
left_child=-1 10 3 4 5 6 8 -8 -3 -5 11 12 13 -2
right_child=1 2 -4 9 -6 -7 7 -9 -10 -11 -12 -13 -14 -15
leaf_value=-0.014184047471931548 -0.050158526405810103 -0.033839523318344014 0.12835167203259526 0.010492657969360277 0.044835110393596889 0.11727014607793772 0.0044537545555496461 0.21376787178758161 0.14014331007651898 -0.029821877059572933 -0.0037017479420073628 0.0083212970511815278 -0.05012819990017349 1.125682105333951
leaf_weight=59.285284364246763 0.13156191632151504 13.340696261730049 1.3307295911945392 21.974532561376691 18.607236638665199 1.8069933741353441 1.6884315544739359 1.0165952015668152 0.66697103995829898 14.959903914015738 514.27972204081016 90.390123858698644 0.33787257876247168 0.12757235136814415
leaf_count=16613 50 395 25 255 546 35 44 19 16 223 158156 28684 139 53
internal_value=-0.00135705 -0.000239816 0.0115167 0.00941742 0.0245921 0.00425333 -0.00796616 0.0831176 -0.0255554 -0.00583632 -0.00170421 0.00958633 0.20112 0.52871
internal_weight=739.944 680.659 75.3921 74.0614 37.1269 18.5197 16.7127 2.70503 14.0077 36.9344 605.267 90.9871 0.597007 0.259134
internal_count=205253 188640 1558 1533 1055 509 474 63 411 478 187082 28926 242 103
is_linear=0
shrinkage=0.05


Tree=77
num_leaves=15
num_cat=0
split_feature=4 3 0 3 3 7 11 5 12 0 4 10 4 12
split_gain=4.18573 4.90478 5.2564 5.38316 9.77678 5.42579 4.8749 5.40646 5.02808 4.59938 4.23423 3.95313 7.60086 6.75863
threshold=147.30080882352945 2.5000000000000004 180.87000000000003 20.500000000000004 22.500000000000004 2.5000000000000004 14.500000000000002 123.50000000000001 0.069366479550922219 76.375000000000014 123.19500000000001 0.20714285714285716 117.28178571428572 0.80707196029776684
decision_type=2 2 2 2 2 2 2 2 2 2 2 2 2 2
left_child=6 -2 3 -3 9 -6 7 10 -9 -5 -1 -8 13 -13
right_child=1 2 -4 4 5 -7 11 8 -10 -11 -12 12 -14 -15
leaf_value=-0.038492616698941232 -0.10022528683197485 -0.029689913065040777 0.048042410002458728 0.19478659661523637 -0.019873378362225361 0.1117371463999894 -0.0030014236368735422 -0.050296762064629255 0.44636767425445678 0.05760948232285943 -0.21056869710525114 0.013104422422486606 0.12818121235219745 -0.02431372229130804
leaf_weight=7.7713756801094824 0.85765178175643342 7.051633371505889 10.967264719307424 1.0054898299276813 6.047885705716908 0.89959117490798224 615.74549789482262 0.095837709493935885 0.10881958133541048 1.557654784992337 0.37473620008677233 69.590266521088779 1.3057646425440896 14.599788214545695
leaf_count=2884 17 255 220 29 227 25 199769 41 3 37 8 1387 18 333
internal_value=-0.00130163 0.0175252 0.0211936 0.0034147 0.0279601 -0.00283184 -0.0020548 -0.0400317 0.213788 0.111422 -0.0464084 -0.00160255 0.00847222 0.00661557
internal_weight=737.979 28.3872 27.5295 16.5623 9.51062 6.94748 709.592 8.35077 0.204657 2.56314 8.14611 701.241 85.4958 84.1901
internal_count=205253 810 793 573 318 252 204443 2936 44 66 2892 201507 1738 1720
is_linear=0
shrinkage=0.05


Tree=78
num_leaves=15
num_cat=0
split_feature=0 5 12 9 6 0 12 0 5 5 11 0 11 11
split_gain=3.87581 4.49717 4.76333 4.5975 4.27974 61.2164 9.27339 7.73218 11.2035 9.62972 12.6276 10.5891 17.2445 7.38767
threshold=199.34500000000006 112.50000000000001 0.04210992907801419 10.500000000000002 13.575969696969699 21.575000000000003 0.04819976771196284 22.275000000000002 60.500000000000007 105.50000000000001 19.500000000000004 43.855000000000011 30.500000000000004 54.500000000000007
decision_type=2 2 2 2 2 2 2 2 2 2 2 2 2 2
left_child=4 2 -2 -3 5 13 7 8 -7 10 -9 12 -11 -1
right_child=1 3 -4 -5 -6 6 -8 9 -10 11 -12 -13 -14 -15
leaf_value=-0.0082848574401691386 0.0018985066585033715 0.059655650033480528 0.061010152950055546 -0.017913742113314264 -0.003877911797139485 0.82266604016479938 -0.071692214815112246 0.47880269766605299 0.24863759574146896 0.59004293679076736 0.045973211431534232 0.15939889579838495 0.14979560972416173 0.11791013633610037
leaf_weight=50.923579930560663 77.672448598546907 7.507014958187936 3.5644347686320534 2.5621667169034481 587.33240030199522 0.11447181412950058 0.34176561213098455 0.18799139966722567 0.33017703681252897 0.4656202296027917 1.6261114638764409 1.4042568695731459 0.42588094947859645 1.1867750822566439
leaf_count=17286 672 66 28 20 186684 15 10 19 49 32 192 10 20 150
internal_value=-0.0012422 0.00839885 0.00449215 0.0399176 -0.00260838 0.0104714 0.179504 0.198353 0.396417 0.176925 0.0908264 0.24496 0.379731 -0.00541086
internal_weight=735.645 91.3061 81.2369 10.0692 644.339 57.0066 4.89628 4.55451 0.444649 4.10986 1.8141 2.29576 0.891501 52.1104
internal_count=205253 786 700 86 204467 17783 347 337 64 273 211 62 52 17436
is_linear=0
shrinkage=0.05


Tree=79
num_leaves=15
num_cat=0
split_feature=11 0 6 2 8 0 4 1 9 0 9 3 5 6
split_gain=3.79583 4.28931 31.7017 15.1245 8.80997 8.56164 14.4186 5.86197 12.4412 29.9373 5.43052 7.99441 35.0743 9.08405
threshold=19.500000000000004 14.875000000000002 12.382557692307694 20.342250000000003 0.83333333333333337 35.125000000000007 7.7387301587301591 9.5000000000000018 7.5000000000000009 11.455000000000002 13.500000000000002 29.500000000000004 106.50000000000001 102.79800438596494
decision_type=2 2 2 2 2 2 2 2 2 2 2 2 2 2
left_child=-1 7 3 4 5 6 -3 10 -9 -10 -2 13 -13 -12
right_child=1 2 -4 -5 -6 -7 -8 8 9 -11 11 12 -14 -15
leaf_value=-0.013420440734691145 -0.013997508208258123 0.75734930302501979 1.2653140687592075e-05 0.18646855974058063 0.20516870813574944 0.27073973403060575 -0.011463089967260559 -0.051194607752114679 -0.050173211275973476 1.2270657080204541 0.0011473140133131273 1.1823041207319873 -0.050221908660904382 0.29944245393632368
leaf_weight=58.432679302757606 83.125614940188825 0.061921861255539556 580.55939096707152 3.0802375657949597 0.74730047583580006 0.31487759947776783 4.0297830561175942 0.26764242839999397 0.11081849131733179 0.07829047366976738 2.9104370485292748 0.081131331389769801 0.20004355488345027 0.2797606779495253
leaf_count=16613 28931 26 157101 51 9 3 1409 65 37 24 889 24 64 7
internal_value=-0.00119432 -0.000137266 0.00139436 0.0988136 0.0464262 0.0195055 0.000171741 -0.0104965 0.168156 0.478599 -0.0114388 0.0498324 0.305416 0.027306
internal_weight=734.28 675.847 588.794 8.23412 5.15388 4.40658 4.0917 87.0537 0.456751 0.189109 86.597 3.47137 0.281175 3.1902
internal_count=205253 188640 158599 1498 1447 1438 1435 30041 126 61 29915 984 88 896
is_linear=0
shrinkage=0.05


Tree=80
num_leaves=15
num_cat=0
split_feature=4 3 0 3 3 11 5 1 7 10 12 11 9 6
split_gain=3.73772 4.42113 4.97779 4.78753 8.03287 4.39568 4.76571 4.42649 4.15433 3.87483 11.2117 6.13304 7.30734 6.28612
threshold=147.30080882352945 2.5000000000000004 180.87000000000003 20.500000000000004 22.500000000000004 14.500000000000002 123.50000000000001 6.5000000000000009 2.5000000000000004 0.63068181818181823 0.55718954248366026 31.500000000000004 10.500000000000002 36.332519157088129
decision_type=2 2 2 2 2 2 2 2 2 2 2 2 2 2
left_child=5 -2 3 -3 -5 6 -1 -8 -6 -7 -11 13 -13 -12
right_child=1 2 -4 4 8 9 7 -9 -10 10 11 12 -14 -15
leaf_value=-0.044661423648253866 -0.094730526990769115 -0.028762005733923398 0.047120186441480062 0.09766305970816927 -0.01905974323187766 -0.0026080677118867713 -0.024633437890237628 0.43077722803564233 0.090026741914115915 0.049672605956254487 -0.017382099755015111 -0.035603461353502668 0.040481284182013272 0.032308267679796686
leaf_weight=7.9312218300765362 0.86182819725945847 6.8631014400161829 10.566333197057249 2.7765502613037807 5.916236748918891 634.78696198365651 0.11083572986535717 0.10288842942100018 1.0238002529367802 14.101387179456649 9.9324174835346657 16.971699403133247 3.8765852889046064 17.719153978861868
leaf_count=2892 17 255 220 66 227 200448 35 9 25 506 98 209 49 197
internal_value=-0.00115305 0.0167604 0.0203 0.00320737 0.0257883 -0.00186417 -0.0383831 0.194605 -0.00296721 -0.00143766 0.0104305 -0.000979244 -0.0214561 0.0144595
internal_weight=733.541 28.0079 27.146 16.5797 9.71659 705.533 8.14495 0.213724 6.94004 697.388 62.6012 48.4999 20.8483 27.6516
internal_count=205253 810 793 573 318 204443 2936 44 252 201507 1059 553 258 295
is_linear=0
shrinkage=0.05


Tree=81
num_leaves=15
num_cat=0
split_feature=2 7 9 11 9 9 5 11 11 9 4 4 0 9
split_gain=3.54072 4.64705 6.16111 4.0634 5.40716 7.6259 7.42805 7.65219 13.5769 13.1871 17.4526 9.72706 10.6579 13.7472
threshold=174.21650000000002 3.5000000000000004 6.5000000000000009 49.500000000000007 16.500000000000004 10.500000000000002 111.50000000000001 57.500000000000007 56.500000000000007 13.500000000000002 13.462554112554114 15.861130952380956 17.145000000000003 14.500000000000002
decision_type=2 2 2 2 2 2 2 2 2 2 2 2 2 2
left_child=3 2 -2 -1 5 -5 7 8 11 -10 -11 12 13 -7
right_child=1 -3 -4 4 -6 6 -8 -9 9 10 -12 -13 -14 -15
leaf_value=-0.0025746152180142336 0.030413127897317729 0.11063742163739565 -0.0096053743690608789 -0.025909031025698855 -0.05044011803223733 -0.050266532688492731 -0.052740548534958881 -0.021628619061371063 0.047435643315670649 -0.051507074749387219 0.53190035867057772 0.036051417913514787 0.38057171820511282 0.42109508147778291
leaf_weight=672.60823788464768 19.246394905261695 1.1924624848179508 19.224978717276827 4.3362772400723832 2.3234991000499567 0.57195070432498851 1.5033483523875464 2.0206267733592531 0.4946708222851155 0.17083032382652164 0.51357928616926074 6.2250425439560786 0.45907847816124558 0.2120274833869189
leaf_count=199908 352 19 432 1167 584 142 389 404 57 13 51 1664 32 39
internal_value=-0.00109988 0.0134281 0.010415 -0.00193327 0.0209745 0.0310265 0.0513111 0.0659745 0.0864451 0.244122 0.38628 0.0615508 0.189248 0.0772136
internal_weight=731.103 39.6638 38.4714 691.439 18.8309 16.5074 12.1712 10.6678 8.64718 1.17908 0.68441 7.4681 1.24306 0.783978
internal_count=205253 803 784 204450 4542 3958 2791 2402 1998 121 64 1877 213 181
is_linear=0
shrinkage=0.05


Tree=82
num_leaves=15
num_cat=0
split_feature=12 10 12 11 9 6 11 5 5 4 0 11 0 6
split_gain=3.49704 4.71351 8.05556 6.21906 7.1586 6.93519 7.71228 7.40322 6.24172 6.87166 6.75331 5.46322 4.76996 10.9613
threshold=0.9298029556650248 0.63068181818181823 0.55718954248366026 31.500000000000004 10.500000000000002 36.332519157088129 23.500000000000004 100.50000000000001 85.500000000000014 87.728792270531414 29.105000000000004 16.500000000000004 103.18500000000002 42.061106586949805
decision_type=2 2 2 2 2 2 2 2 2 2 2 2 2 2
left_child=1 11 -3 5 8 6 -4 -7 9 -5 -10 -1 -13 -14
right_child=-2 2 3 4 -6 7 -8 -9 10 -11 -12 12 13 -15
leaf_value=-0.032196734387861088 -0.051851793103266236 0.045768517119064982 -0.056711480280878239 0.014082243032438707 0.044975057290679236 0.053111279080487385 0.030523836331209555 -0.03974112311873685 -0.15173821095263029 -0.088113101800355059 -0.03840417442681248 -0.0041152894140264462 0.098360559659050037 0.0037321012520344435
leaf_weight=14.677008460857904 3.3726651770994058 14.025839996524153 5.1876334585249442 7.6399841103702837 3.596592165529727 13.718159608542921 4.9522360861301422 2.5449682381004086 1.860660834237932 2.0962173081934452 4.4773796601220965 459.83202920970507 3.1105956253013565 189.1707914219005
leaf_count=6478 140 516 39 75 42 110 43 24 21 19 56 171808 57 25825
internal_value=-0.00105592 -0.000820231 0.0125909 0.00249099 -0.0187914 0.0183469 -0.0141064 0.0385811 -0.0330591 -0.00792055 -0.0716757 -0.00202902 -0.00135004 0.00526294
internal_weight=730.263 726.89 60.0997 46.0738 19.6708 26.403 10.1399 16.2631 16.0742 9.7362 6.33804 666.79 652.113 192.281
internal_count=205253 205113 945 429 213 216 82 134 171 94 77 204168 197690 25882
is_linear=0
shrinkage=0.05


Tree=83
num_leaves=15
num_cat=0
split_feature=12 10 12 11 9 6 11 5 5 2 0 11 4 0
split_gain=3.32605 4.29076 7.65578 5.61079 6.51108 6.22484 6.99677 6.63582 5.711 6.33684 5.94766 5.06907 4.84008 4.68896
threshold=0.9298029556650248 0.63068181818181823 0.55718954248366026 31.500000000000004 10.500000000000002 36.332519157088129 23.500000000000004 100.50000000000001 85.500000000000014 86.378750000000011 29.105000000000004 16.500000000000004 147.30080882352945 18.825000000000003
decision_type=2 2 2 2 2 2 2 2 2 2 2 2 2 2
left_child=1 11 -3 5 8 6 -4 -7 9 -5 -10 12 -1 -8
right_child=-2 2 3 4 -6 7 13 -9 10 -11 -12 -13 -14 -15
leaf_value=-0.038241814045393833 -0.051760772731206585 0.045158780459257163 -0.054323815329642283 0.01332825755155409 0.043524729697590775 0.050098173724512876 0.082026402483611843 -0.037951741991225876 -0.14332485365667427 -0.085443001625846407 -0.03697240236216514 -0.0012853696900889462 0.091194886124553745 -0.015328626274199956
leaf_weight=13.565621002344411 3.2136775248218319 13.51743436232209 5.1459410786628741 7.6980263777077251 3.5322843324393025 13.813528381288053 2.2606530264019966 2.5320517504587761 1.8711372036486853 2.0579979792237282 4.419734519906342 650.60003573639551 0.76284738117829043 2.7308374829590321
leaf_count=6455 140 516 39 71 42 110 19 24 21 23 56 197690 23 24
internal_value=-0.00100657 -0.000781442 0.012073 0.00236367 -0.0179317 0.0173682 -0.0134131 0.0364586 -0.0314596 -0.00750718 -0.0686055 -0.00193324 -0.0313506 0.0287636
internal_weight=727.722 724.508 59.5796 46.0622 19.5792 26.483 10.1374 16.3456 16.0469 9.75602 6.29087 664.929 14.3285 4.99149
internal_count=205253 205113 945 429 213 216 82 134 171 94 77 204168 6478 43
is_linear=0
shrinkage=0.05


Tree=84
num_leaves=15
num_cat=0
split_feature=0 6 4 6 4 9 5 4 2 11 9 0 0 7
split_gain=3.28516 4.32913 14.9045 11.7528 18.38 43.696 9.24346 7.54346 11.4023 16.0733 23.6555 6.03594 10.4861 20.9703
threshold=199.34500000000006 83.43212673611113 89.751639784946249 77.228116659716434 90.671486013986041 5.5000000000000009 64.500000000000014 123.19500000000001 95.049285714285716 22.500000000000004 6.5000000000000009 16.485000000000003 14.875000000000002 1.5000000000000002
decision_type=2 2 2 2 2 2 2 2 2 2 2 2 2 2
left_child=1 2 -1 4 5 -4 -6 8 9 -8 -11 12 -3 -14
right_child=-2 11 3 -5 6 -7 7 -9 -10 10 -12 -13 13 -15
leaf_value=-0.0016656881774728743 0.0079387074514199098 0.021185587940096479 1.2228572125104717 0.00089762734330008542 -6.6944788435785777e-05 0.098139396046372715 0.016820213526376027 0.019792198628231214 0.074694701082806875 0.64252452981412167 0.16699163977324202 -0.011551918760220178 -0.050156044128536505 0.61763775744531713
leaf_weight=470.93446100427536 90.771438216790557 3.9322313748998559 0.1176488848868783 8.1673460340825823 3.2729473848012258 0.32467089337296784 0.52017585316207249 1.809232836589217 2.4596426822245121 0.4315772805130107 0.66371583624277264 142.18517256638734 0.24456146208103735 0.22638044622726738
leaf_count=159928 786 1067 24 1789 291 55 31 22 95 32 51 40938 110 34
internal_value=-0.000958893 -0.0022302 3.03404e-05 0.0449856 0.0824956 0.397294 0.0672901 0.104755 0.142476 0.245677 0.354365 -0.00976647 0.0478885 0.270851
internal_weight=726.061 635.29 488.701 17.767 9.59961 0.44232 9.15729 5.88434 4.07511 1.61547 1.09529 146.588 4.40317 0.470942
internal_count=205253 204467 162318 2390 601 79 522 231 209 114 83 42149 1211 144
is_linear=0
shrinkage=0.05


Tree=85
num_leaves=15
num_cat=0
split_feature=9 11 0 6 2 8 9 4 2 0 11 12 4 0
split_gain=3.30101 5.91481 3.95196 28.0919 14.0257 7.24602 7.1181 16.0831 6.74151 8.64455 4.67237 4.28043 10.5627 4.92673
threshold=1.5000000000000002 34.500000000000007 14.875000000000002 12.382557692307694 20.342250000000003 0.83333333333333337 9.5000000000000018 8.8361250000000027 9.3260714285714297 35.125000000000007 14.500000000000002 0.70659971305595415 8.1213809523809548 12.665000000000001
decision_type=2 2 2 2 2 2 2 2 2 2 2 2 2 2
left_child=1 -1 11 4 5 6 -4 -8 -9 -10 -5 -2 -13 -14
right_child=2 -3 3 10 -6 -7 7 8 9 -11 -12 12 13 -15
leaf_value=0.014473486169341881 -0.013374035003340435 0.14211296684006089 -0.03108427965662135 -0.049371464407223675 0.16544221148794863 0.17326365667896629 0.57401327573878758 0.43956066701809515 -0.05040563184524325 0.24352830881606879 -0.00084870367495899237 0.19012510108542482 -0.049837854389316726 0.084863827119271762
leaf_weight=11.558403174392875 87.570566522423178 0.98498097783885974 3.0761106840800476 5.0020814281888297 3.5185497545171529 0.84046844765543927 0.15992738842032839 0.10174351837486018 1.0743037597276268 0.32605904340744007 606.86695303430315 0.9021372150164092 2.0240833812858914 1.0213447352871297
leaf_count=2531 32229 46 1182 1982 55 9 34 20 315 2 166766 9 59 14
internal_value=-0.000930582 0.0244965 -0.00137823 5.13504e-05 0.0872687 0.0379629 0.0139628 0.0973365 0.0465853 0.0180336 -0.00124538 -0.0110782 0.039852 -0.00466297
internal_weight=725.028 12.5434 712.484 620.966 9.09716 5.57861 4.73814 1.66203 1.50211 1.40036 611.869 91.5181 3.94757 3.04543
internal_count=205253 2577 202676 170365 1617 1562 1553 371 337 317 168748 32311 82 73
is_linear=0
shrinkage=0.05


Tree=86
num_leaves=15
num_cat=0
split_feature=4 3 0 3 3 11 5 6 11 12 12 7 5 8
split_gain=3.26625 4.00439 4.55743 4.33158 6.59631 3.91184 3.57384 9.87552 3.75851 5.4977 5.991 3.48807 3.73616 3.48429
threshold=147.30080882352945 2.5000000000000004 180.87000000000003 20.500000000000004 22.500000000000004 37.500000000000007 2.5000000000000004 21.038285714285717 16.500000000000004 0.24190177638453506 0.68857758620689669 2.5000000000000004 84.500000000000014 0.83333333333333337
decision_type=2 2 2 2 2 2 2 2 2 2 2 2 2 2
left_child=6 -2 3 -3 -5 -4 7 -1 9 -8 -11 12 -6 -10
right_child=1 2 5 4 11 -7 8 -9 13 10 -12 -13 -14 -15
leaf_value=0.69737324050012628 -0.089951481877602726 -0.027850023695402848 0.059220930551848266 0.086601190617162982 0.055944184402344811 -0.026524846181494019 -0.039553421550041663 0.044953678875200132 -0.0022051063906507636 0.10528897112046487 -0.033400999287284745 0.078848408815864343 -0.039990776346216061 0.010373073714637436
leaf_weight=0.066880756057797863 0.86361792078241961 6.6708731423132184 8.5429219100624305 2.9701732853427512 1.3141207760199902 1.5754289925098408 13.152678550803104 0.43693445163080469 619.43994794692844 1.5214004748268046 1.5949871384073047 1.1042936835438011 4.4567416766658425 60.428952340967953
leaf_count=15 17 255 184 66 24 36 6441 73 196918 20 25 25 203 951
internal_value=-0.000891941 0.01601 0.0194458 0.00325724 0.0243345 0.0458703 -0.0015591 0.131561 -0.00165544 -0.0254053 0.0343066 -0.00256566 -0.0181448 -0.00108712
internal_weight=724.14 27.4982 26.6346 16.5162 9.84533 10.1184 696.642 0.503815 696.138 16.2691 3.11639 6.87516 5.77086 679.869
internal_count=205253 810 793 573 318 220 204443 88 204355 6486 45 252 227 197869
is_linear=0
shrinkage=0.05


Tree=87
num_leaves=15
num_cat=0
split_feature=12 12 9 11 0 6 0 0 9 0 6 9 2 11
split_gain=3.16278 3.81016 3.11748 4.60534 3.69481 40.7078 9.92304 17.7446 76.1325 8.41343 9.0598 7.89157 8.50005 25.7646
threshold=0.9298029556650248 0.91779279279279291 1.5000000000000002 34.500000000000007 21.575000000000003 15.642245348837211 24.405000000000005 25.135000000000002 8.5000000000000018 21.925000000000004 12.8332394924663 13.500000000000002 85.801250000000024 41.500000000000007
decision_type=2 2 2 2 2 2 2 2 2 2 2 2 2 2
left_child=1 2 3 -1 11 6 9 8 -8 10 -6 12 -4 -14
right_child=-2 -3 4 -5 5 -7 7 -9 -10 -11 -12 -13 13 -15
leaf_value=0.014574343193729133 -0.051671927406582323 0.082397150681739723 -0.012927728594711894 0.12231755786045705 0.37167446289962258 -0.0010879131467190163 -0.050174138362631897 0.13327410474215076 1.8421373683030418 0.0045403525676751483 -0.050335699896805197 0.046405124057801811 0.02662140533136953 0.57723191778522631
leaf_weight=11.520099293498786 3.0486073596402994 1.3789290115237225 128.06266446545487 1.0852238503284741 0.35221035813446944 560.73974886059295 0.16134570585563768 4.8332792804576457 0.079265231965109706 2.6413180672097951 0.1990538586396724 6.2181606477824962 1.968713985057547 0.23816044395789493
leaf_count=2524 140 23 46619 46 23 153044 58 369 24 426 61 1488 370 38
internal_value=-0.000851832 -0.000636495 -0.00079594 0.0238502 -0.0012363 0.000535877 0.110682 0.154137 0.573216 0.0416217 0.219292 -0.00862438 -0.0112511 0.0860419
internal_weight=722.527 719.478 718.099 12.6053 705.494 569.006 8.26647 5.07389 0.240611 3.19258 0.551264 136.488 130.27 2.20687
internal_count=205253 205113 205090 2570 202520 154005 961 451 82 510 84 48515 47027 408
is_linear=0
shrinkage=0.05


Tree=88
num_leaves=15
num_cat=0
split_feature=5 3 0 2 2 12 12 2 6 0 11 1 0 12
split_gain=3.0366 5.36541 8.57615 15.2699 36.735 4.80669 8.52714 6.44466 10.8767 14.0503 12.659 11.5059 8.32865 11.6443
threshold=120.50000000000001 25.500000000000004 1.0150000000000003 16.591250000000006 36.337083333333339 0.60303030303030314 0.057983193277310933 11.837750000000002 14.742106982441816 24.765000000000004 55.500000000000007 9.5000000000000018 4.4050000000000011 0.031754032258064523
decision_type=2 2 2 2 2 2 2 2 2 2 2 2 2 2
left_child=1 -1 3 -3 -5 6 7 -4 9 10 11 -9 13 -10
right_child=-2 2 5 4 -6 -7 -8 8 12 -11 -12 -13 -14 -15
leaf_value=-0.0022646850405156384 -0.016793797029782894 -0.050110015394215252 -0.042196290182639838 1.5713661114121915 -0.050418216726566489 -0.035235968059053123 0.064422604078429133 -0.027542339760021035 0.11057467758023623 0.20678449808860844 0.68859053364333034 0.59062424860629203 0.005740969113098732 0.86075580227477677
leaf_weight=565.94585550983902 28.628650527913123 0.16887668916024168 6.2088446634588754 0.061672013718634844 0.080484753241762519 6.0003933256957671 6.9399912178050718 2.1855707359500234 0.913885552668943 1.5860201157629488 0.067503762431442627 0.077960108872502931 103.17887247318868 0.054830775363370776
leaf_count=161326 8464 78 2512 28 30 131 431 810 332 48 4 14 31035 10
internal_value=-0.000835785 -0.000176988 0.00908805 0.271318 0.653162 0.00844691 0.0106093 0.00734117 0.0101873 0.0919814 0.0138702 -0.00625156 0.00711102 0.153036
internal_weight=722.099 693.471 127.525 0.311033 0.142157 127.214 121.213 114.273 108.065 3.91705 2.33103 2.26353 104.148 0.968716
internal_count=205253 196789 35463 136 58 35327 35196 34765 32253 876 828 824 31377 342
is_linear=0
shrinkage=0.05


Tree=89
num_leaves=15
num_cat=0
split_feature=0 9 6 4 6 5 0 9 4 6 12 12 2 9
split_gain=3.01766 4.15348 3.99078 12.5367 9.61612 10.125 11.7897 10.7813 28.8522 5.01057 4.56256 5.61914 4.9426 4.57293
threshold=199.34500000000006 4.5000000000000009 83.43212673611113 89.751639784946249 75.554263529092651 64.500000000000014 58.955000000000005 6.5000000000000009 105.73691950464398 105.51035899751639 0.057983193277310933 1.0000000180025095e-35 98.781250000000014 10.500000000000002
decision_type=2 2 2 2 2 2 2 2 2 2 2 2 2 2
left_child=2 -2 3 -1 5 -5 -7 8 -8 -4 11 13 -12 -11
right_child=1 -3 9 4 -6 6 7 -9 -10 10 12 -13 -14 -15
leaf_value=-0.0014588235786861944 0.029826626858676882 0.0025357610134755177 -0.013960637594538187 0.0068069979665846009 0.0083087745444046252 0.024103249005840724 0.55217347494633684 0.10243570710987063 0.093061684243388232 0.004114414814763853 0.17268831849631924 -0.051787075957218182 0.013924718496658975 0.067507844396311342
leaf_weight=467.67004367732443 17.217842212412506 73.272670571925119 115.98276412376435 2.9466304315137695 10.257672548410481 1.9224501741118727 0.58750475599663354 1.9135793847963212 0.8195801991969347 19.712973048794094 0.85969839361496214 3.878817163524217 1.1406545536592601 3.3245192718459284
leaf_count=159928 155 631 38346 249 1935 93 39 61 13 2762 38 550 38 415
internal_value=-0.000810472 0.00772846 -0.00203499 0.000135915 0.040565 0.0809659 0.122643 0.179691 0.284756 -0.00931808 0.00930291 0.00388857 0.0821571 0.0132627
internal_weight=721.507 90.4905 631.017 486.117 18.4474 8.18974 5.24311 3.32066 1.40708 144.899 28.9167 26.9163 2.00035 23.0375
internal_count=205253 786 204467 162318 2390 455 206 113 52 42149 3803 3727 76 3177
is_linear=0
shrinkage=0.05


Tree=90
num_leaves=15
num_cat=0
split_feature=12 10 12 11 9 6 11 5 5 4 0 11 11 0
split_gain=2.97991 3.80482 7.23393 4.98949 5.87083 5.67798 6.08241 5.79713 5.12556 5.58804 5.15535 4.93954 4.20472 4.15719
threshold=0.9298029556650248 0.63068181818181823 0.55718954248366026 31.500000000000004 10.500000000000002 36.332519157088129 23.500000000000004 100.50000000000001 85.500000000000014 87.728792270531414 29.105000000000004 17.500000000000004 16.500000000000004 77.585000000000022
decision_type=2 2 2 2 2 2 2 2 2 2 2 2 2 2
left_child=1 12 11 5 8 6 -4 -7 9 -5 -10 -3 -1 -14
right_child=-2 2 3 4 -6 7 -8 -9 10 -11 -12 -13 13 -15
leaf_value=-0.029328186912570105 -0.051576689317152161 -0.049375967322463431 -0.051565197856287132 0.012979771024252698 0.041958860760579003 0.047199169205376763 0.025814389316513593 -0.035598359405898929 -0.13386379399660384 -0.078270730429846391 -0.035080253991062689 0.054564739048536197 -0.0043916372164897778 0.0037899510831327734
leaf_weight=13.455850603582801 2.8754460201598695 1.2660019677132357 5.0941924676299113 7.6171892452985102 3.4758456796407691 13.8846422880888 5.0642460323870182 2.4937622528523198 1.8981799613684405 2.1516832960769534 4.3419532468542457 11.76674349978566 384.5150482445024 260.41294961480889
leaf_count=6478 140 20 39 75 42 110 43 24 21 19 56 496 146437 51253
internal_value=-0.000778272 -0.000574675 0.0115832 0.00227069 -0.0169422 0.0163779 -0.0129895 0.0345925 -0.0297307 -0.00711898 -0.0651291 0.0444679 -0.00166519 -0.00108803
internal_weight=720.314 717.438 59.0544 46.0217 19.4849 26.5368 10.1584 16.3784 16.009 9.76887 6.24013 13.0327 658.384 644.928
internal_count=205253 205113 945 429 213 216 82 134 171 94 77 516 204168 197690
is_linear=0
shrinkage=0.05


Tree=91
num_leaves=15
num_cat=0
split_feature=9 1 5 11 5 5 3 5 11 0 11 9 0 11
split_gain=2.94225 4.21775 4.58425 3.18636 3.8498 3.59709 5.5441 20.0996 91.5748 4.75646 6.63129 10.1 5.89409 29.1796
threshold=1.0000000180025095e-35 2.5000000000000004 49.500000000000007 19.500000000000004 100.50000000000001 120.50000000000001 34.500000000000007 119.50000000000001 27.500000000000004 77.585000000000022 47.500000000000007 11.500000000000002 85.555000000000021 28.500000000000004
decision_type=2 2 2 2 2 2 2 2 2 2 2 2 2 2
left_child=1 -1 -3 4 -2 6 -5 9 -9 10 -8 -12 13 -11
right_child=3 2 -4 5 -6 -7 7 8 -10 12 11 -13 -14 -15
leaf_value=-0.050909799769205101 -0.0061645535353974188 0.25080385805503774 0.051067373028797595 0.00024400026620018252 -0.040198551777672981 -0.018263161767430751 -0.031956696196137967 1.9714010881922563 -0.039750925328094537 1.008561643099547 0.83638734855371255 -0.050167626294650672 0.047703250393699173 -0.051213066798456636
leaf_weight=0.88103762338869218 43.28950311045628 0.32614588877186212 2.4101795679889619 628.49121808324708 10.282760825648436 25.955819591647014 3.0271811805432658 0.074199493159539887 0.23864828411024064 0.09440918255131725 0.056392504135146626 0.074654546566307545 2.9413154746871442 0.20816747273784131
leaf_count=146 12947 23 245 179005 3408 7927 1002 30 65 30 20 26 329 50
internal_value=-0.000741322 0.0442385 0.0748742 -0.000968971 -0.0126971 -1.867e-05 0.000726837 0.0459182 0.437243 0.0267956 -0.0168822 0.331337 0.0693201 0.279455
internal_weight=718.352 3.61736 2.73633 714.734 53.5723 661.162 635.206 6.71497 0.312848 6.40212 3.15823 0.131047 3.24389 0.302577
internal_count=205253 414 268 204839 16355 188484 180557 1552 95 1457 1048 46 409 80
is_linear=0
shrinkage=0.05


Tree=92
num_leaves=15
num_cat=0
split_feature=12 10 12 11 11 9 6 11 5 5 2 0 6 4
split_gain=2.82832 3.53682 6.96262 4.57442 4.5389 5.33695 5.08959 5.47518 5.15172 4.66552 5.16239 4.54255 3.81427 4.93384
threshold=0.9298029556650248 0.63068181818181823 0.55718954248366026 17.500000000000004 31.500000000000004 10.500000000000002 36.332519157088129 23.500000000000004 100.50000000000001 85.500000000000014 86.378750000000011 29.105000000000004 77.641720689655187 94.307994505494506
decision_type=2 2 2 2 2 2 2 2 2 2 2 2 2 2
left_child=1 -1 3 -3 6 9 7 -4 12 10 -6 -11 -8 -14
right_child=-2 2 4 -5 5 -7 8 -9 -10 11 -12 -13 13 -15
leaf_value=-0.0015881344706309974 -0.051498865937216469 -0.046006911592096536 -0.04907533602912155 0.054480342652409253 0.012197615737697136 0.040549395764541571 0.064600939267981952 0.024379985179661917 -0.033627484629004049 -0.12634730572971659 -0.076325296349308333 -0.033642756975262832 -0.040205589355369276 0.057822121190843845
leaf_weight=657.16433173895348 2.7332342866575337 1.2595501393079747 5.0492197088897246 11.23149547819048 7.689422298222782 3.4207230955362311 8.8205094449222106 5.0983456578105688 2.4744820473715654 1.9097276777029026 2.0958416955545545 4.2894000541418791 2.4857914149761191 2.6540902443230152
leaf_count=204168 140 20 39 496 71 42 69 43 24 21 23 56 21 20
internal_value=-0.000733469 -0.000539582 0.0112437 0.0443476 0.00225212 -0.0161329 0.0156731 -0.0121699 0.0328646 -0.0282632 -0.00676253 -0.0622017 0.0446503 0.0104132
internal_weight=718.376 715.643 58.4786 12.491 45.9876 19.4051 26.5824 10.1476 16.4349 15.9844 9.78526 6.19913 13.9604 5.13988
internal_count=205253 205113 945 516 429 213 216 82 134 171 94 77 110 41
is_linear=0
shrinkage=0.05


Tree=93
num_leaves=15
num_cat=0
split_feature=4 3 0 3 3 11 6 4 3 0 0 0 0 6
split_gain=2.80031 3.59939 4.3502 3.85409 5.62526 3.72192 3.5135 12.1927 11.6155 14.5554 8.71092 6.03145 10.4351 6.78932
threshold=147.30080882352945 2.5000000000000004 180.87000000000003 20.500000000000004 22.500000000000004 37.500000000000007 97.352342549923193 108.30458333333335 11.500000000000002 77.585000000000022 85.555000000000021 16.485000000000003 14.875000000000002 103.53482142857145
decision_type=2 2 2 2 2 2 2 2 2 2 2 2 2 2
left_child=6 -2 3 -3 -5 -4 7 -1 -9 -10 -11 12 -8 -13
right_child=1 2 5 4 -6 -7 11 8 9 10 -12 13 -14 -15
leaf_value=-0.0013227819873727383 -0.084921244950389455 -0.027188732631807586 0.058347257167083257 0.07750682001192763 -0.0031328158013304384 -0.024990664941771483 0.0027394737400515245 -0.021505341168173552 -0.033714836016423624 0.26635982039020728 0.074735080437664081 -0.024828000302206298 0.30253893789553354 0.0029463397999963149
leaf_weight=577.70375845779199 0.87204181496054189 6.5308381034992697 8.2004877142608148 3.1503340946510416 6.8980039646849036 1.6013660058379162 0.96051677153445669 6.1537430167663869 3.3040543642127878 0.62451758177485217 11.775148654356597 48.165783341333736 0.41594059648923576 40.50708441081224
leaf_count=189355 17 255 184 66 252 36 264 531 226 33 473 8616 41 4904
internal_value=-0.000697749 0.0150221 0.0183258 0.00271407 0.0221492 0.044732 -0.00131899 6.41352e-05 0.0367211 0.059538 0.0843864 -0.010528 0.0933335 -0.0121403
internal_weight=716.864 27.2531 26.381 16.5792 10.0483 9.80185 689.611 599.561 21.8575 15.7037 12.3997 90.0493 1.37646 88.6729
internal_count=205253 810 793 573 318 220 204443 190618 1263 732 506 13825 305 13520
is_linear=0
shrinkage=0.05


Tree=94
num_leaves=15
num_cat=0
split_feature=9 11 3 0 6 2 0 3 2 9 8 9 6 12
split_gain=2.76908 3.78273 3.26012 3.24662 21.4738 9.90516 6.94052 7.20153 20.0473 30.4369 7.28737 4.11808 9.84134 3.98481
threshold=1.5000000000000002 34.500000000000007 11.500000000000002 14.875000000000002 12.382557692307694 24.508750000000003 30.195000000000004 13.500000000000002 11.484142857142858 9.5000000000000018 0.83333333333333337 3.5000000000000004 9.7143469346934719 0.70659971305595415
decision_type=2 2 2 2 2 2 2 2 2 2 2 2 2 2
left_child=1 -1 -3 13 5 6 7 8 9 -5 11 12 -9 -2
right_child=3 2 -4 4 -6 -7 -8 10 -10 -11 -12 -13 -14 -15
leaf_value=0.013749833705988741 -0.012288457972991476 0.19616703087908843 0.029012517576011393 -0.050112926481967204 -0.00097812095857426691 0.18025623243355307 0.14283150830439412 0.66152568783029453 0.041312713190684566 1.0193830540258779 0.13618404260455982 -0.050334474071153323 -0.035102408445986895 0.039353989893733274
leaf_weight=11.664234687283168 84.985534808831289 0.55331659922376164 0.6169445039704442 0.12688500480726173 604.14719881198835 1.7908240898977963 1.6037219092249868 0.070258590509184038 1.549576081917621 0.1398429861292243 0.733772862702608 3.4786348607158288 0.18210176157299429 3.9071029718033961
leaf_count=2531 32229 6 40 58 168748 14 10 30 324 18 7 1090 66 82
internal_value=-0.000667581 0.0223478 0.108046 -0.00108794 0.000205386 0.0741038 0.049994 0.0262902 0.110231 0.510614 -0.0078574 -0.0361859 0.158843 -0.0100186
internal_weight=715.55 12.8345 1.17026 702.715 613.823 9.67562 7.88479 6.28107 1.8163 0.266728 4.46477 3.731 0.25236 88.8926
internal_count=205253 2577 46 202676 170365 1617 1603 1593 400 76 1193 1186 96 32311
is_linear=0
shrinkage=0.05


Tree=95
num_leaves=15
num_cat=0
split_feature=12 10 12 11 11 9 6 11 5 11 11 4 5 3
split_gain=2.69517 3.21583 6.67737 4.3585 4.0957 5.00821 4.64652 5.23789 4.56561 4.11638 3.82638 4.02694 3.80928 5.56502
threshold=0.9298029556650248 0.63068181818181823 0.55718954248366026 17.500000000000004 31.500000000000004 8.5000000000000018 35.569900446775456 23.500000000000004 100.50000000000001 34.500000000000007 16.500000000000004 147.30080882352945 120.50000000000001 25.500000000000004
decision_type=2 2 2 2 2 2 2 2 2 2 2 2 2 2
left_child=1 10 3 -3 6 9 7 -4 -8 -6 11 -1 13 -12
right_child=-2 2 4 -5 5 -7 8 -9 -10 -11 12 -13 -14 -15
leaf_value=-0.035349429827529831 -0.051424637400043119 -0.043658975232938525 -0.048829299241968244 0.054322879706667805 -0.080048065692192208 0.0098868684738684081 0.041954515021735715 0.023535141170968818 -0.031849749440007853 -0.013541443574793711 -0.0024435899545874086 0.080507187791061682 -0.020053081435921633 0.0096540694284220629
leaf_weight=12.254488789709281 2.6034434433095148 1.2687939200550307 4.9223613534122723 10.761078648269175 3.9629042688757199 9.7424507383257133 14.182277280837299 5.0826528910547495 2.4587223390117279 5.6348381629213691 498.66061088145943 0.79891786212101656 24.983531328267418 117.45167799922638
leaf_count=6455 140 20 38 496 40 98 112 42 24 75 155079 23 8249 34362
internal_value=-0.000644185 -0.000458548 0.0108236 0.0439887 0.00214764 -0.0153672 0.0148602 -0.0120674 0.0310499 -0.041002 -0.00145915 -0.0282586 -0.000913486 -0.00013737
internal_weight=714.769 712.165 58.0161 12.0299 45.9862 19.3402 26.646 10.005 16.641 9.59774 654.149 13.0534 641.096 616.112
internal_count=205253 205113 945 516 429 213 216 80 136 115 204168 6478 197690 189441
is_linear=0
shrinkage=0.05


Tree=96
num_leaves=15
num_cat=0
split_feature=0 5 12 9 1 4 3 4 6 4 6 4 1 11
split_gain=2.64978 4.20079 4.34542 4.17868 3.86941 4.89148 5.87554 5.0194 3.84117 10.5414 8.31719 7.97503 24.7015 30.9352
threshold=199.34500000000006 112.50000000000001 0.04210992907801419 10.500000000000002 4.5000000000000009 101.27544230769232 25.500000000000004 123.19500000000001 83.43212673611113 89.751639784946249 77.228116659716434 91.549821428571448 3.5000000000000004 31.500000000000004
decision_type=2 2 2 2 2 2 2 2 2 2 2 2 2 2
left_child=8 2 4 -3 -2 6 -6 -7 9 -1 11 12 -11 -14
right_child=1 3 -4 -5 5 7 -8 -9 -10 10 -12 -13 13 -15
leaf_value=-0.0011281097407918092 -0.0055272923684416614 0.057065537790267157 0.058345829766897832 -0.017651617965531177 0.0030451586555015138 -0.018462508243154385 0.09260901782454245 0.052700490608162731 -0.0089719287880619236 0.075597909782957107 -0.00068492610505720619 0.052354009160248682 1.212235157541091 -0.050212689798572789
leaf_weight=461.78004088567104 56.671129427384585 7.3892120700329524 3.4687823401764026 2.5058794002979994 3.3282097773626473 9.0579260545782727 4.0709071569144726 3.4110234184190622 142.7871125517413 0.79181936214445414 8.2360206609591824 9.6210244069225137 0.11877846019342542 0.082042091293260455
leaf_count=159928 463 66 28 20 29 60 32 88 42149 91 1789 466 20 24
internal_value=-0.000613992 0.00741082 0.00360988 0.0381438 0.00112923 0.0201161 0.0523221 0.00100494 -0.00177125 0.000367949 0.0370184 0.0662756 0.201209 0.696482
internal_weight=713.32 89.9031 80.008 9.89509 76.5392 19.8681 7.39912 12.4689 623.417 480.63 18.8497 10.6137 0.99264 0.200821
internal_count=205253 786 700 86 672 209 61 148 204467 162318 2390 601 135 44
is_linear=0
shrinkage=0.05


Tree=97
num_leaves=15
num_cat=0
split_feature=11 11 4 6 6 8 11 11 11 5 5 2 0 4
split_gain=2.66344 5.36675 6.39181 32.6414 59.96 14.9148 6.18888 9.57844 7.67072 17.6867 35.51 18.797 13.4751 11.334
threshold=49.500000000000007 44.500000000000007 19.037153846153849 18.532771689497721 19.78248345524208 0.36666666666666675 39.500000000000007 35.500000000000007 34.500000000000007 18.500000000000004 17.500000000000004 75.266250000000028 1.8050000000000004 36.225147058823531
decision_type=2 2 2 2 2 2 2 2 2 2 2 2 2 2
left_child=1 6 3 5 -5 -3 7 8 -1 10 11 -10 13 -11
right_child=-2 2 -4 4 -6 -7 -8 -9 9 12 -12 -13 -14 -15
leaf_value=-0.0007613533468653898 0.017521760601703219 -0.018937803589567995 -0.033962580287819753 1.6278710115497987 -0.050119294730678922 0.77474837972635335 0.014360153609245949 -0.017389476262004589 -0.050227843487952763 0.69795567311024209 1.3409138712014723 0.6216363715809301 0.017276143178172998 -0.05073666485103423
leaf_weight=489.5254153359565 19.726672454038635 2.797582721104849 21.218216979876161 0.089392395224422105 0.13163290056400001 0.060470851138234027 65.22090555523755 85.195150761399418 0.3464052871568154 0.13362049253192054 0.071881953394040465 0.1488310374552384 27.539799656486139 0.081309552188031375
leaf_count=140656 4551 963 7109 38 56 4 18503 25354 121 43 21 47 7767 20
internal_value=-0.000594398 -0.00111041 -0.0241934 0.043127 0.628534 -0.00214495 -0.000271142 -0.00185356 0.000702374 0.026002 0.302419 0.151684 0.0203539 0.41472
internal_weight=712.287 692.561 24.2973 3.07908 0.221025 2.85805 668.263 603.042 517.847 28.3218 0.567118 0.495236 27.7547 0.21493
internal_count=205253 200702 8170 1061 94 967 192532 174029 148675 8019 189 168 7830 63
is_linear=0
shrinkage=0.05


Tree=98
num_leaves=15
num_cat=0
split_feature=9 11 0 6 2 4 8 0 4 6 5 4 3 9
split_gain=2.60864 3.22597 3.00512 18.5298 8.71424 9.21263 5.5603 4.6659 3.79519 8.57213 8.94936 27.3151 51.1134 5.20214
threshold=1.5000000000000002 34.500000000000007 14.875000000000002 12.382557692307694 20.342250000000003 7.3186057692307704 0.83333333333333337 35.125000000000007 84.47183333333335 71.202575007500755 116.50000000000001 95.820000000000007 28.500000000000004 13.500000000000002
decision_type=2 2 2 2 2 2 2 2 2 2 2 2 2 2
left_child=1 -1 8 4 5 -4 7 -7 -2 -10 13 12 -12 -11
right_child=2 -3 3 -5 -6 6 -8 -9 9 10 11 -13 -14 -15
leaf_value=0.013612723066737595 -0.011763777897070261 0.099154312661879795 0.55330045166426345 -0.00088310246507859042 0.12499426365797595 -0.015687531541782037 0.12932303516202243 0.15219306560493129 0.5371198263196868 -0.022141683887631589 2.2563012203344375 -0.050901541761795892 -0.023279447792423243 0.16189352040366772
leaf_weight=11.690374891506506 84.502851520082913 1.2168886645231385 0.082795344991607567 601.54293481184868 3.998715141788125 4.4094199498649687 1.0036867707967756 0.4567517302930354 0.085040248581207734 2.6904378872714014 0.043357619899324962 0.19671350775752217 0.056810639682225883 0.44791957165580232
leaf_count=2531 31524 46 11 168748 55 1539 9 3 10 687 23 20 18 29
internal_value=-0.000596017 0.0216775 -0.001007 0.000236379 0.0679071 0.0295586 0.0221711 7.01848e-05 -0.00964473 0.0412222 0.0289461 0.291336 0.963432 0.00412459
internal_weight=712.425 12.9073 699.517 611.494 9.95137 5.95265 5.86986 4.86617 88.0231 3.52028 3.43524 0.296882 0.100168 3.13836
internal_count=205253 2577 202676 170365 1617 1562 1551 1542 32311 787 777 61 41 716
is_linear=0
shrinkage=0.05


Tree=99
num_leaves=15
num_cat=0
split_feature=5 6 5 10 0 6 5 11 3 4 6 9 6 4
split_gain=2.61372 5.66158 3.31851 5.20462 2.62244 9.20698 4.70045 6.48545 6.95741 20.6922 101.283 6.57678 5.55867 17.4655
threshold=2.5000000000000004 19.78248345524208 5.5000000000000009 0.9545454545454547 106.23500000000001 55.690202614379096 56.500000000000007 39.500000000000007 7.5000000000000009 88.536076923076948 88.254894607843141 1.5000000000000002 96.358507758159462 109.77463235294118
decision_type=2 2 2 2 2 2 2 2 2 2 2 2 2 2
left_child=1 -1 3 -2 -4 -6 7 11 9 10 -9 -7 13 -8
right_child=2 -3 4 -5 5 6 12 8 -10 -11 -12 -13 -14 -15
leaf_value=0.44518870591148563 -0.050951547131545885 0.034887480420357331 -0.0023950004325186762 -0.4178948900006253 0.058086981103930228 0.1258955096033065 0.0072359991959065426 -0.030217686667975564 -0.0056924598671554381 0.04754082653603886 2.2087476664830685 -0.024360390123246502 -0.0037119244153735742 0.082842967172679194
leaf_weight=0.10088441800326009 1.170275475073139 0.50462329242145643 516.27609438396757 0.10533183068037022 7.6767764271935439 0.74397118564229359 66.236690939287655 0.21117942826822345 4.5094665114302188 2.2318311406997964 0.066389989922754467 34.500726520316675 69.078197604569141 8.6339423342142236
leaf_count=12 362 77 180370 1 365 69 13032 54 511 165 16 4616 5344 259
internal_value=-0.000589356 0.103248 -0.000677733 -0.0812515 -0.000533005 0.004425 0.00221274 -0.012448 0.0314425 0.098175 0.505306 -0.0211887 0.00651716 0.0159549
internal_weight=712.046 0.605508 711.441 1.27561 710.165 193.889 186.212 42.2636 7.01887 2.5094 0.277569 35.2447 143.949 74.8706
internal_count=205253 89 205164 363 204801 24431 24066 5431 746 235 70 4685 18635 13291
is_linear=0
shrinkage=0.05


Tree=100
num_leaves=15
num_cat=0
split_feature=12 10 12 11 11 9 5 4 6 6 4 11 0 0
split_gain=2.57664 3.10945 6.31105 4.14909 3.66521 4.59443 4.26429 4.62688 4.20249 4.48532 5.29397 4.43053 3.92416 3.59614
threshold=0.9298029556650248 0.63068181818181823 0.55718954248366026 17.500000000000004 31.500000000000004 10.500000000000002 85.500000000000014 87.728792270531414 36.332519157088129 78.812361111111116 94.307994505494506 23.500000000000004 29.105000000000004 18.825000000000003
decision_type=2 2 2 2 2 2 2 2 2 2 2 2 2 2
left_child=1 -1 3 -3 8 6 7 -6 11 -10 -11 -4 -8 -13
right_child=-2 2 4 -5 5 -7 12 -9 9 10 -12 13 -14 -15
leaf_value=-0.0013919191385678314 -0.05137703795543868 -0.041300639686517843 -0.044672453931437574 0.054166469772638594 0.013531537278603345 0.038834832787697587 -0.11675941135045309 -0.068806144180553724 0.049856697839370703 -0.051088680970810832 0.042154050145075686 0.06604147411601069 -0.03079727136124475 -0.017487973304667379
leaf_weight=651.26822393742623 2.4882441418012595 1.2789042051881541 4.9648395832628029 10.338218805380164 7.5862955488264578 3.3684558030217877 1.9494791701436032 2.2012867764569819 10.436947260051967 3.0234289644286028 3.0659473985433578 2.4128230158239603 4.1619256986305118 2.765333030372858
leaf_count=204168 140 20 39 496 75 42 21 19 85 26 23 19 56 24
internal_value=-0.000585751 -0.000407454 0.0107326 0.0436567 0.00240625 -0.01421 -0.0254484 -0.00498671 0.0144108 0.0299601 -0.00414179 -0.0109243 -0.0582184 0.0214336
internal_weight=711.31 708.822 57.5539 11.6171 45.9368 19.2674 15.899 9.78758 26.6693 16.5263 6.08938 10.143 6.1114 5.17816
internal_count=205253 205113 945 516 429 213 171 94 216 134 49 82 77 43
is_linear=0
shrinkage=0.05


Tree=101
num_leaves=15
num_cat=0
split_feature=4 3 0 11 3 3 6 4 3 0 11 4 6 0
split_gain=2.56146 3.16906 3.96967 3.56785 3.47944 4.77008 2.95872 9.79108 9.7477 12.4857 6.18436 5.66957 10.6008 9.14805
threshold=147.30080882352945 2.5000000000000004 180.87000000000003 37.500000000000007 20.500000000000004 22.500000000000004 97.352342549923193 108.30458333333335 11.500000000000002 77.585000000000022 42.500000000000007 123.19500000000001 103.53482142857145 1.0150000000000003
decision_type=2 2 2 2 2 2 2 2 2 2 2 2 2 2
left_child=6 -2 4 -4 -3 -6 7 -1 -9 -10 -11 12 13 -8
right_child=1 2 3 -5 5 -7 11 8 9 10 -12 -13 -14 -15
leaf_value=-0.0011352596752385192 -0.078434172020397902 -0.026231878791983378 0.057560343936589799 -0.024069484977282465 0.070535124339305755 -0.0027308309166495359 0.46616957473788123 -0.02102829356994022 -0.03348369409666558 0.085288980557300623 -0.059040662756676437 -0.046397938899161349 0.016073725836519108 -0.021965526021022943
leaf_weight=572.6203001178219 0.88473042985424655 6.2994257225655081 7.8366627758368832 1.6143441013991831 3.2924073813483101 6.8305436745285988 0.096183529007247581 6.0548649695119847 3.2696694862097493 11.779725270345804 0.79211341054178852 9.3945824461989087 33.468340377963614 45.7354555062484
leaf_count=189355 17 255 184 36 66 252 11 531 226 472 34 583 4561 8670
internal_value=-0.000557058 0.0146185 0.0178004 0.043617 0.00294303 0.0210983 -0.00115141 0.000119487 0.0329328 0.0535576 0.0761952 -0.0096702 -0.0053191 -0.0209411
internal_weight=709.969 26.7581 25.8734 9.45101 16.4224 10.123 683.211 594.517 21.8964 15.8415 12.5718 88.6946 79.3 45.8316
internal_count=205253 810 793 220 573 318 204443 190618 1263 732 506 13825 13242 8681
is_linear=0
shrinkage=0.05


Tree=102
num_leaves=15
num_cat=0
split_feature=5 3 5 4 0 2 4 5 1 4 2 4 3 5
split_gain=2.48663 4.02988 5.08498 10.8758 22.16 35.0608 15.8779 51.0468 10.1045 6.76422 24.4141 80.9457 13.0531 18.6992
threshold=120.50000000000001 25.500000000000004 98.500000000000014 23.497136363636368 4.4050000000000011 30.630000000000013 24.390250000000005 88.500000000000014 3.5000000000000004 90.671486013986041 87.520714285714305 61.907179487179491 27.500000000000004 108.50000000000001
decision_type=2 2 2 2 2 2 2 2 2 2 2 2 2 2
left_child=1 -1 3 -3 5 -5 7 -6 9 10 -4 -12 -13 -14
right_child=-2 2 8 4 6 -7 -8 -9 -10 -11 11 12 13 -15
leaf_value=-0.0017853622615803715 -0.015405179272592004 -0.051464367865030447 0.027412217064424912 1.0558283222897356 1.7698365937069813 -0.050352512040931344 0.027581896121695572 -0.050172324528007045 -0.0065591223724038019 -0.019297180658225912 1.7286127550847323 -0.017867627928554716 0.58155023758390378 0.10916894667008595
leaf_weight=554.36409813916543 27.031963267945684 4.1789219923084593 12.929215278825724 0.13559030112810688 0.0549411852844085 0.15186039987020195 30.517194921325427 0.12895282660610974 73.087057698634453 4.5059284699382252 0.085490647819823518 0.67435171920806147 0.31872972438577563 0.61128696019295603
leaf_count=161326 8464 1603 4340 35 17 56 7771 51 20410 721 23 174 121 141
internal_value=-0.000532374 5.73503e-05 0.00807696 0.0242536 0.0344644 0.471432 0.0303732 0.493584 0.00190758 0.0342635 0.0507721 0.2295 0.149618 0.271061
internal_weight=708.776 681.744 127.38 35.1675 30.9885 0.287451 30.7011 0.183894 92.2121 19.125 14.6191 1.68986 1.60437 0.930017
internal_count=205253 196789 35463 9533 7930 91 7839 68 25930 5520 4799 459 436 262
is_linear=0
shrinkage=0.05


Tree=103
num_leaves=15
num_cat=0
split_feature=9 1 2 2 2 0 6 0 2 11 4 8 4 0
split_gain=2.45193 3.58322 3.29886 5.35173 4.5669 2.72274 7.27619 17.7771 7.09422 4.9317 8.06153 4.57443 4.44556 7.41227
threshold=1.0000000180025095e-35 2.5000000000000004 43.040833333333346 32.930714285714295 88.670833333333348 12.065000000000003 13.575969696969699 24.765000000000004 25.696000000000005 51.500000000000007 11.50404761904762 0.83333333333333337 9.5572500000000016 8.0950000000000006
decision_type=2 2 2 2 2 2 2 2 2 2 2 2 2 2
left_child=1 -1 3 -3 -4 12 7 8 9 11 -11 -7 13 -2
right_child=5 2 4 -5 -6 6 -8 -9 -10 10 -12 -13 -14 -15
leaf_value=-0.050925519218258913 0.027774570750018625 0.050780506032175023 -0.05149868389213183 0.25503260270993361 0.12945092512175305 -0.022683210249018506 -0.00069672941198674625 0.12082503538470933 0.16796253065694722 -0.051438451487215812 0.19390689363458563 0.058262360583578622 -0.01904405511552551 -0.033553915543963017
leaf_weight=0.84856226400006507 15.290437146555634 0.94466747716069244 0.96136588533408918 0.48553373152390122 0.54715169291011989 11.63576997007476 616.30453245632816 4.2408954013371831 0.64403752982616502 0.58481805492192573 0.78320033545605838 2.053394202142953 46.411452424828894 7.269015352241694
leaf_count=146 5968 66 124 34 44 4514 174754 126 5 57 35 20 16656 2704
internal_value=-0.000542322 0.039581 0.065715 0.120121 0.0141332 -0.000757799 0.000265098 0.0299901 0.00545556 -0.00149531 0.0890235 -0.0105413 -0.0101939 0.00801355
internal_weight=709.005 3.78728 2.93872 1.4302 1.50852 705.218 636.247 19.9421 15.7012 15.0572 1.36802 13.6892 68.9709 22.5595
internal_count=205253 414 268 100 168 204839 179511 4757 4631 4626 92 4534 25328 8672
is_linear=0
shrinkage=0.05


Tree=104
num_leaves=15
num_cat=0
split_feature=12 10 12 11 11 5 2 0 3 11 10 12 11 4
split_gain=2.44241 2.89613 6.04347 3.90352 3.5662 3.60492 4.69818 4.64467 4.10782 5.50921 6.84069 6.29285 6.2554 7.36892
threshold=0.9298029556650248 0.63068181818181823 0.55718954248366026 17.500000000000004 16.500000000000004 120.50000000000001 116.29625 180.87000000000003 25.500000000000004 39.500000000000007 0.19090909090909094 0.01941930618401207 35.500000000000007 5.2152272727272733
decision_type=2 2 2 2 2 2 2 2 2 2 2 2 2 2
left_child=1 4 3 -3 -1 8 -7 -8 9 12 11 -11 -6 -14
right_child=-2 2 -4 -5 5 6 7 -9 -10 10 -12 -13 13 -15
leaf_value=-0.027518808945385283 -0.051305345313427592 -0.038665882981314445 0.0024154051839887988 0.054047207433313531 -0.0018553667774525156 -0.028798644774356424 -0.050723931712814835 0.07232801342325948 0.0083165090191475392 0.012821792093213755 0.095404907064279149 -0.029277660995808766 0.3768480980372178 -0.020170853842639502
leaf_weight=12.715271588589529 2.3595915050245813 1.2824041731655587 45.861434196121991 9.8979906137101334 352.30357227136847 20.697180103627037 1.120839758543297 2.4282134464010596 118.87049151980318 68.869186772033572 2.2713554315268984 10.189666729071176 0.11710552871227164 59.337232802179642
leaf_count=6478 140 20 429 496 111501 7943 275 31 34362 21283 54 2687 54 19500
internal_value=-0.000520271 -0.000350528 0.0104511 0.0434129 -0.00130002 -0.000776004 -0.0196846 0.0334665 -2.68339e-05 -0.00203819 0.0098536 0.00739572 -0.00438705 -0.0193889
internal_weight=708.322 705.962 57.0418 11.1804 648.92 636.205 24.2462 3.54905 611.959 493.088 81.3302 79.0589 411.758 59.4543
internal_count=205253 205113 945 516 204168 197690 8249 306 189441 155079 24024 23970 131055 19554
is_linear=0
shrinkage=0.05


Tree=105
num_leaves=15
num_cat=0
split_feature=2 7 9 5 5 1 0 6 4 11 2 11 0 6
split_gain=2.38568 3.80046 5.39995 3.1067 6.15542 4.46096 5.28851 2.73475 29.4676 9.8741 19.7101 9.65709 8.7176 17.6345
threshold=174.21650000000002 3.5000000000000004 6.5000000000000009 29.500000000000004 52.500000000000007 1.5000000000000002 157.73000000000005 55.278531499556351 71.213623511904771 28.500000000000004 89.90666666666668 35.500000000000007 83.405000000000015 44.227806603773594
decision_type=2 2 2 2 2 2 2 2 2 2 2 2 2 2
left_child=7 2 -2 -4 -5 -6 -7 8 12 -10 11 -11 -1 -14
right_child=1 -3 3 4 5 6 -8 -9 9 10 -12 -13 13 -15
leaf_value=-0.0014196100426429833 0.027931085958056098 0.097302302334128288 -0.06813878982027595 0.056504529510760682 -0.070004829943174349 -0.051825243434679126 0.025220289722529467 -0.0042011031145599148 0.039533220513093104 0.58318767026871032 0.10581080827660282 0.22232695331820326 0.090478764469575312 -0.019868723813857302
leaf_weight=295.57637497939868 18.393057558685541 1.2531592685263593 2.0656060730107155 3.4285581700969514 3.2055179332382968 3.4447736537549627 6.3019927928689867 354.54285893862834 1.6370368457864959 0.39339063316583667 1.7465459131635723 0.35065920907072723 7.6505978578352352 6.8733242192538455
leaf_count=101821 352 19 42 60 56 136 138 100143 63 26 34 21 296 2046
internal_value=-0.000497769 0.0116732 0.00876041 -0.0103548 -0.00306827 -0.0188376 -0.00200971 -0.00119102 0.00220525 0.134921 0.197617 0.41312 0.000438727 0.0382577
internal_weight=706.863 38.0927 36.8395 18.4464 16.3808 12.9523 9.74677 668.771 314.228 4.12763 2.4906 0.74405 310.1 14.5239
internal_count=205253 803 784 432 390 330 274 204450 104307 144 81 47 104163 2342
is_linear=0
shrinkage=0.05


Tree=106
num_leaves=15
num_cat=0
split_feature=0 9 6 4 6 5 0 0 6 7 5 12 12 11
split_gain=2.32914 3.69792 3.39681 8.50472 6.79652 6.74694 7.66539 6.0459 5.78117 4.59331 6.07834 5.0255 6.5854 8.78183
threshold=199.34500000000006 4.5000000000000009 83.43212673611113 89.751639784946249 75.554263529092651 64.500000000000014 58.955000000000005 65.145000000000024 56.890147058823537 1.0000000180025095e-35 2.5000000000000004 0.049390243902439034 0.089898989898989909 13.500000000000002
decision_type=2 2 2 2 2 2 2 2 2 2 2 2 2 2
left_child=2 -2 3 9 5 -5 8 -8 -7 10 -1 -12 13 -13
right_child=1 -3 -4 4 -6 6 7 -9 -10 -11 11 12 -14 -15
leaf_value=0.2125432809410234 0.028142476459099616 0.0021447154008360811 -0.0084015807747179448 0.0039465738902697113 0.0054720197293073557 0.18326520341907906 0.28656606813849755 0.11133509384911007 -0.023893022265821372 -0.0047305765132821739 0.0013974515290793377 -0.29461223687118709 0.01125520740015111 0.078637824597770439
leaf_weight=0.35435010871151362 16.89326699799858 71.868210348533466 140.50804641202558 3.0030357189243677 10.391119192645418 0.42329436633735928 0.57973766745999489 3.261574886390008 1.6478847863036206 290.08901075762697 139.32669248682214 0.16166959702968853 20.865098646143451 6.2432263040682301
leaf_count=29 155 631 42149 249 1935 14 12 101 79 101245 57215 26 682 731
internal_value=-0.000480241 0.00709266 -0.00156993 0.000445199 0.0329511 0.0649782 0.095977 0.137781 0.0184447 -0.000927941 0.0056794 0.0052394 0.0248685 0.0692164
internal_weight=705.616 88.7615 616.855 476.347 19.3066 8.91553 5.91249 3.84131 2.07118 457.04 166.951 166.597 27.27 6.4049
internal_count=205253 786 204467 162318 2390 455 206 113 93 159928 58683 58654 1439 757
is_linear=0
shrinkage=0.05


Tree=107
num_leaves=15
num_cat=0
split_feature=4 5 0 3 3 7 5 6 4 3 0 0 4 6
split_gain=2.35371 2.88908 4.2956 2.99136 4.07454 2.81251 3.33816 2.58877 8.48424 8.67024 11.0351 8.15445 5.23472 9.53462
threshold=147.30080882352945 29.500000000000004 180.87000000000003 20.500000000000004 22.500000000000004 2.5000000000000004 84.500000000000014 97.352342549923193 108.30458333333335 11.500000000000002 77.585000000000022 81.455000000000013 123.19500000000001 103.53482142857145
decision_type=2 2 2 2 2 2 2 2 2 2 2 2 2 2
left_child=7 -2 3 -3 -5 6 -6 8 -1 -10 -11 -12 13 -9
right_child=1 2 -4 4 5 -7 -8 12 9 10 11 -13 -14 -15
leaf_value=-0.0010123830259886914 -0.045216173371391326 -0.024385083833788596 0.04825543203477238 0.064656541483539789 0.05034998241373928 0.067527625633152163 -0.03928949710838562 -0.019977906467399855 -0.020635093365743002 -0.032813876519123625 0.28108346447295113 0.06347794529952426 -0.044919681307709736 0.015246417754004319
leaf_weight=568.93360661680344 1.896332945208999 5.9286077842116418 8.2279114266857487 3.4317213459871692 1.3799638301134107 1.1909318305552004 4.1985498070716858 44.837970817170572 5.9543065814068568 3.1977054469170971 0.44630538194905867 12.173323868773876 9.1139340756926668 33.613427789183334
leaf_count=189355 49 238 205 66 24 25 203 8681 531 226 14 492 583 4561
internal_value=-0.0004609 0.0142284 0.0188564 0.00385974 0.0202748 -0.00222425 -0.0171153 -0.00102948 0.000159828 0.0307919 0.0501512 0.0711738 -0.00905243 -0.00488563
internal_weight=704.525 26.254 24.3577 16.1298 10.2012 6.76945 5.57851 678.271 590.705 21.7716 15.8173 12.6196 87.5653 78.4514
internal_count=205253 810 761 556 318 252 227 204443 190618 1263 732 506 13825 13242
is_linear=0
shrinkage=0.05


Tree=108
num_leaves=15
num_cat=0
split_feature=12 8 2 12 7 12 12 0 12 6 10 11 6 2
split_gain=2.31633 2.73704 3.4362 2.86285 2.93551 11.7367 5.49905 6.55621 5.89409 5.3192 5.15362 5.81622 4.85445 6.49448
threshold=0.9298029556650248 0.83333333333333337 121.81125000000002 0.79361054766734285 1.0000000180025095e-35 0.01941930618401207 0.049390243902439034 90.785000000000011 0.050641025641025648 6.2368814248147268 0.37980769230769235 22.500000000000004 7.5362432614555273 8.9849999999999994
decision_type=2 2 2 2 2 2 2 2 2 2 2 2 2 2
left_child=1 3 -3 4 6 -6 -1 9 -9 -8 11 -7 -11 -14
right_child=-2 2 -4 -5 5 10 7 8 -10 12 -12 -13 13 -15
leaf_value=0.00035382159593239321 -0.05123377422060095 0.0071480606071834159 0.060766490212244277 -0.042903172832413607 -0.00052852407849967393 0.027220416077788086 0.17313165947861361 0.15222941514287225 -0.034524017162391639 -0.11896792351290048 -0.11781572353334679 -0.030952207535519118 0.18616529148005168 0.028726208160609876
leaf_weight=221.12366656254744 2.2374767099972805 56.071387504227459 3.1562660820782176 4.0945236298721275 338.46355411136756 4.8323138600680968 0.66347565711476164 0.45301951351575453 6.2699171241838485 0.53729366394691425 1.531746694818138 38.771891094162129 0.67290598782710986 24.653174382285215
leaf_count=73182 140 895 35 191 116701 949 25 27 298 15 11 11446 51 1287
internal_value=-0.000441263 -0.00027921 0.0100054 -0.00122792 -0.000960445 -0.00372234 0.00320454 0.0221629 -0.0219398 0.0333403 -0.027672 -0.0245054 0.0297542 0.0329093
internal_weight=703.533 701.295 59.2277 642.067 637.973 383.6 254.373 33.2498 6.72294 26.5268 45.136 43.6042 25.8634 25.3261
internal_count=205253 205113 930 204183 203992 129107 74885 1703 325 1378 12406 12395 1353 1338
is_linear=0
shrinkage=0.05


Tree=109
num_leaves=15
num_cat=0
split_feature=0 6 0 4 2 1 4 7 9 12 0 0 2 5
split_gain=2.2047 6.14152 15.8124 11.3794 19.0166 5.03117 4.22034 7.66609 10.3655 6.42826 6.68381 12.9947 14.5615 50.8907
threshold=11.455000000000002 13.575969696969699 21.575000000000003 15.463508771929826 16.222111111111115 2.5000000000000004 9.5572500000000016 4.5000000000000009 11.500000000000002 0.71611721611721624 7.7950000000000008 6.8650000000000011 9.6955000000000009 102.50000000000001
decision_type=2 2 2 2 2 2 2 2 2 2 2 2 2 2
left_child=6 2 3 -2 -5 -4 7 9 -9 10 11 -1 -13 -14
right_child=1 -3 5 4 -6 -7 -8 8 -10 -11 -12 12 13 -15
leaf_value=-0.0013635725676535665 -0.011696778079916809 -0.00045272660537806238 0.022238855706386805 0.77286319378970492 0.063265205573618116 0.11532131201607276 -0.018583958569916695 -0.050114491980633662 0.95978573382120413 0.11834828833508715 -0.041465239169572246 0.095224621098700557 -0.050129821624449095 1.8713172761391972
leaf_weight=12.026679389236969 14.071515845018439 616.72339090320747 2.0476840935880309 0.12136741052381772 0.42518509225919843 4.9876297881128266 41.97145110584097 0.052198694203979268 0.04950533714145422 1.21145994006656 6.6611327881109892 2.0783056357759047 0.10199610388372082 0.052044199779629707
leaf_count=4679 4945 176139 108 37 48 239 15321 24 16 16 2706 907 45 23
internal_value=-0.000422049 0.000466213 0.0266391 -0.00300256 0.220838 0.0882289 -0.00925388 0.00835917 0.441463 0.00636888 -0.000115711 0.0192008 0.129991 0.599052
internal_weight=702.582 638.377 21.6534 14.6181 0.546553 7.03531 64.2048 22.2333 0.101704 22.1316 20.9202 14.259 2.23235 0.15404
internal_count=205253 181516 5377 5030 85 347 23737 8416 40 8376 8360 5654 975 68
is_linear=0
shrinkage=0.05


Tree=110
num_leaves=15
num_cat=0
split_feature=12 8 4 12 4 7 12 5 5 11 11 10 0 5
split_gain=2.20181 2.54878 4.55526 5.21009 4.85087 4.73256 8.609 4.29751 4.51018 5.1737 3.68552 3.58378 3.25362 3.14627
threshold=0.9298029556650248 0.36666666666666675 31.612256493506496 0.65571120689655182 42.171520737327199 1.5000000000000002 0.40967365967365971 88.500000000000014 78.500000000000014 35.500000000000007 40.500000000000007 0.34523809523809529 92.415000000000006 114.50000000000001
decision_type=2 2 2 2 2 2 2 2 2 2 2 2 2 2
left_child=1 -1 3 10 5 -4 -7 8 9 -6 11 -3 -11 -9
right_child=-2 2 4 -5 7 6 -8 13 -10 12 -12 -13 -14 -15
leaf_value=-0.0012104090726799757 -0.051171492840576663 -0.027524050437421871 0.035977261848812378 -0.057850717179912886 0.027830794855013486 0.30480225313493214 0.037883956098100434 -0.023985195296916024 0.064036436889991666 -0.050414552445138275 0.098382610253643143 0.036746402090498585 0.039771071836820493 0.030722346885770409
leaf_weight=637.92154022864997 2.1308000116841859 5.9732666094787383 6.2326968982815734 4.7528876457363358 14.139546930557122 0.49486769642680861 0.77547591086477041 11.34365392453037 5.223528735805302 4.2397698194254181 0.96600900590419847 3.405640403740108 1.3087930544279514 3.4205799025949082
leaf_count=203905 140 127 83 39 256 40 13 242 111 66 22 107 27 75
internal_value=-0.000422294 -0.000267857 0.00938702 -0.0145175 0.0170368 0.0539048 0.141863 0.0100647 0.022733 0.0117747 0.00539154 -0.00418636 -0.0291416 -0.0113105
internal_weight=702.329 700.198 62.2767 15.0978 47.1789 7.50304 1.27034 39.6759 24.9116 19.6881 10.3449 9.37891 5.54856 14.7642
internal_count=205253 205113 1208 295 913 136 53 777 460 349 256 234 93 317
is_linear=0
shrinkage=0.05


Tree=111
num_leaves=15
num_cat=0
split_feature=9 11 11 9 0 2 2 2 2 11 0 3 9 0
split_gain=2.19919 2.87817 2.85008 3.35243 4.24474 13.4739 40.9453 3.30976 4.72853 12.3498 3.13869 6.57881 12.3362 6.28147
threshold=1.5000000000000002 34.500000000000007 19.500000000000004 2.5000000000000004 97.535000000000011 66.901000000000025 64.780833333333348 100.46900000000001 98.781250000000014 18.500000000000004 32.435000000000009 34.500000000000007 4.5000000000000009 29.845000000000002
decision_type=2 2 2 2 2 2 2 2 2 2 2 2 2 2
left_child=1 -1 3 -2 10 6 -6 8 -7 -10 11 13 -13 -5
right_child=2 -3 -4 4 5 7 -8 -9 9 -11 -12 12 -14 -15
leaf_value=0.012203318462085054 -0.044414469380818743 0.091338769259587255 8.5537522535764947e-05 -0.015491360216167852 0.081356194368226331 0.037902652762877687 1.4150694955580159 -0.0086033163350451979 -0.015924750483336282 0.97777545250582387 -0.032544996811889021 -0.011422427033678243 0.99217311159591037 0.099623037688755453
leaf_weight=11.833359398471655 7.0582753025810225 1.2725460936781008 641.01502395916032 10.54407220345456 0.36693830729927768 3.0922795750666405 0.068250151874963194 8.7811974133946915 0.087555761681869515 0.048635609447956085 15.818190590594893 0.08466109860455695 0.047968973638489842 1.3351201228797442
leaf_count=2531 2455 46 187450 4120 106 841 35 926 39 18 6260 33 27 366
internal_value=-0.00040242 0.0198871 -0.000788727 -0.0126286 -0.00705799 0.0172159 0.290521 0.00731232 0.0506017 0.338938 -0.0179127 0.00135643 0.351553 -0.00255348
internal_weight=701.454 13.1059 688.348 47.3331 40.2749 12.4449 0.435188 12.0097 3.22847 0.136191 27.83 12.0118 0.13263 11.8792
internal_count=205253 2577 202676 15226 12771 1965 141 1824 898 57 10806 4546 60 4486
is_linear=0
shrinkage=0.05


Tree=112
num_leaves=15
num_cat=0
split_feature=5 1 11 0 3 0 0 1 5 2 4 2 11 0
split_gain=2.189 3.29654 3.9926 3.35698 3.14272 6.94399 6.22408 4.84757 14.6017 27.7003 42.2425 6.48738 2.63439 3.63598
threshold=120.50000000000001 5.5000000000000009 14.500000000000002 180.87000000000003 34.500000000000007 1.8050000000000004 140.18500000000003 8.5000000000000018 112.50000000000001 61.063166666666675 28.654105263157899 49.174500000000002 14.500000000000002 41.815000000000005
decision_type=2 2 2 2 2 2 2 2 2 2 2 2 2 2
left_child=4 3 -3 -2 12 -6 7 -7 -9 10 -10 -12 13 -1
right_child=1 2 -4 -5 5 6 -8 8 9 -11 11 -13 -14 -15
leaf_value=0.015479050294365589 -0.010799488917313978 0.15605745793141737 -0.041720890196700389 0.050363471631295391 0.44482347248292237 -0.019559937411588606 0.10656163484577651 -0.060826521530786493 -0.050700511732643685 -0.050421091088945949 1.890487212175646 1.0675114182879384 0.00010514417265643983 -0.059717792495829071
leaf_weight=2.5937318141804999 12.99460053042276 0.26185503351734851 10.003430720244067 2.7115537356585255 0.10054207942448457 4.7754221312934533 1.8374228606116956 0.54433147737290699 0.079251232324168086 0.20621503790607676 0.051526030991226435 0.044737255433574319 661.06611901329597 4.2279296179185621
leaf_count=1262 4989 30 3412 33 10 1388 70 99 18 63 19 21 192259 1580
internal_value=-0.000396764 -0.0146414 -0.0366758 -0.000240147 0.000150889 0.0320385 0.0265335 0.000742687 0.105437 0.342523 0.8042 1.50802 -0.000213849 -0.0311265
internal_weight=701.499 25.9714 10.2653 15.7062 675.527 7.63945 7.53891 5.70148 0.926061 0.38173 0.175515 0.0962633 667.888 6.82166
internal_count=205253 8464 3442 5022 196789 1688 1678 1608 220 121 58 40 195101 2842
is_linear=0
shrinkage=0.05


Tree=113
num_leaves=15
num_cat=0
split_feature=4 5 0 3 3 5 12 11 7 2 3 11 11 0
split_gain=2.16184 2.64111 4.03508 2.71585 3.65594 3.45101 3.04246 2.52341 3.72049 2.66358 2.77433 2.46122 5.79171 6.76559
threshold=147.30080882352945 29.500000000000004 180.87000000000003 20.500000000000004 29.500000000000004 111.50000000000001 0.021054964539007095 32.500000000000007 1.5000000000000002 101.35775000000001 24.500000000000004 49.500000000000007 44.500000000000007 30.575000000000003
decision_type=2 2 2 2 2 2 2 2 2 2 2 2 2 2
left_child=11 -2 3 -3 5 6 7 9 -9 -5 -11 12 -1 -14
right_child=1 2 -4 4 -6 -7 -8 8 -10 10 -12 -13 13 -15
leaf_value=-0.00056887932105177479 -0.042706547847272291 -0.023543615717398877 0.047238086796193346 -0.051660413585862479 -0.051852842065320974 -0.051899469937883851 -0.036113974469805459 0.029589485051941512 0.14871242655432776 0.085623890824452181 -0.011587589798232385 0.016431800662076914 0.016137514746670759 -0.043575730006381451
leaf_weight=632.59322832431644 1.9188828456681246 5.8028257698752048 8.0107217347249371 0.78474902501329635 1.5380474040284742 1.0809269044548271 1.0368799972347913 1.213676664978266 1.4251259071752427 2.0675363540649419 1.1378701608628032 19.792896610102616 6.6997814830392626 16.246053940034471
leaf_count=191765 49 238 205 42 68 42 33 45 23 30 35 4541 2702 5435
internal_value=-0.000394605 0.0137484 0.0182438 0.00380627 0.0192374 0.0317381 0.0435314 0.0559893 0.0939237 0.0309023 0.0511153 -0.000939467 -0.00146396 -0.0261405
internal_weight=701.349 26.0172 24.0984 16.0876 10.2848 8.74677 7.66584 6.62896 2.6388 3.99016 3.20541 675.332 655.539 22.9458
internal_count=205253 810 761 556 318 250 208 175 68 107 65 204443 199902 8137
is_linear=0
shrinkage=0.05


Tree=114
num_leaves=15
num_cat=0
split_feature=0 6 0 4 1 6 11 0 2 11 4 2 2 7
split_gain=2.09907 5.73909 17.0859 11.2829 4.14215 7.25242 12.7391 20.2 27.1995 3.98785 5.88032 3.7792 3.55442 3.43788
threshold=12.065000000000003 14.742106982441816 24.405000000000005 18.257846153846156 3.5000000000000004 13.222958333333336 35.500000000000007 31.705000000000002 16.222111111111115 51.500000000000007 11.50404761904762 24.508750000000003 29.084500000000006 1.0000000180025095e-35
decision_type=2 2 2 2 2 2 2 2 2 2 2 2 2 2
left_child=13 2 3 9 11 -6 7 8 -7 12 -11 -4 -2 -1
right_child=1 -3 4 -5 5 6 -8 -9 -10 10 -12 -13 -14 -15
leaf_value=0.0055640019827326199 -0.013688474252434149 -0.00043101067353346496 -0.050851758884585076 0.32896804879584196 0.091480169751613688 0.20141629637075359 -0.051226643773990978 0.051187409707744561 1.0401084664861744 -0.051407973538730369 0.15364438611477008 0.093685759333477281 0.11917335567679795 -0.017502209323734485
leaf_weight=26.130868023727089 16.611625465215198 607.91189644177211 0.68168970104306881 0.25976403011008997 2.5487916306592528 0.20166596584022034 0.24850727338343859 0.2891969820484519 0.18567725922912359 0.5637245385441918 0.92061192751862109 1.3436803494114427 0.5191255733370771 42.309055167017505
leaf_count=9333 5802 173662 104 19 55 26 28 10 32 57 38 41 3 16043
internal_value=-0.000377506 0.000522835 0.0243126 0.00171652 0.101869 0.135003 0.254924 0.367379 0.603453 -0.0028501 0.0757692 0.045038 -0.00966227 -0.00869536
internal_weight=700.726 632.286 24.3741 18.8749 5.49921 3.47384 0.925047 0.67654 0.387343 18.6151 1.48434 2.02537 17.1308 68.4399
internal_count=205253 179877 6215 5919 296 151 96 68 58 5900 95 145 5805 25376
is_linear=0
shrinkage=0.05


Tree=115
num_leaves=15
num_cat=0
split_feature=12 8 4 12 4 7 12 5 5 11 11 10 5 3
split_gain=2.08 2.43694 4.03714 4.75101 4.36964 4.19005 7.84504 3.84927 4.03944 4.66791 3.32531 3.27556 3.05744 5.82162
threshold=0.9298029556650248 0.36666666666666675 31.612256493506496 0.65571120689655182 42.171520737327199 1.5000000000000002 0.30860805860805868 88.500000000000014 78.500000000000014 35.500000000000007 40.500000000000007 0.34523809523809529 114.50000000000001 25.500000000000004
decision_type=2 2 2 2 2 2 2 2 2 2 2 2 2 2
left_child=1 12 3 10 5 -4 -7 8 9 -6 11 -3 13 -1
right_child=-2 2 4 -5 7 6 -8 -9 -10 -11 -12 -13 -14 -15
leaf_value=-0.0023407457055673966 -0.051108658818627951 -0.026173786826002354 0.034394762197128746 -0.055195229495941238 0.026466879062477452 0.29232209802425796 0.037244229788042281 -0.010560496298944263 0.060716308751985637 -0.027781480400597691 0.094002898521619166 0.036085436361830175 -0.01257808094067347 0.011021636645676743
leaf_weight=484.77948657912202 2.0140002606203771 5.8230245669838006 6.2747898213565341 4.6817112788557997 14.205350677017128 0.48435229388996937 0.79816020838916302 14.694302228745071 5.24004280893132 5.5010272639337918 0.96509907441213805 3.3154520727694035 53.550456404744182 97.986506529035978
leaf_count=157752 140 127 83 39 256 37 16 317 111 93 22 107 17559 28594
internal_value=-0.000369078 -0.000222738 0.00924117 -0.0135579 0.0163832 0.0512264 0.133577 0.00974053 0.0216985 0.0113235 0.0057357 -0.00358605 -0.00114461 -9.39894e-05
internal_weight=700.314 698.3 61.9833 14.7853 47.198 7.5573 1.28251 39.6407 24.9464 19.7064 10.1036 9.13848 636.316 582.766
internal_count=205253 205113 1208 295 913 136 53 777 460 349 256 234 203905 186346
is_linear=0
shrinkage=0.05


end of trees

feature_importances:
tx_amount=256
customer_avg_amount_30d=230
customer_avg_amount_7d=201
terminal_nb_tx_30d=171
terminal_risk_30d=136
customer_nb_tx_30d=115
customer_nb_tx_7d=101
customer_avg_amount_1d=96
terminal_nb_tx_7d=96
terminal_risk_7d=88
terminal_risk_1d=63
terminal_nb_tx_1d=37
customer_nb_tx_1d=34

parameters:
[boosting: gbdt]
[objective: binary]
[metric: average_precision,binary_logloss]
[tree_learner: serial]
[device_type: cpu]
[data_sample_strategy: bagging]
[data: ]
[valid: ]
[num_iterations: 1000]
[learning_rate: 0.05]
[num_leaves: 15]
[num_threads: 1]
[seed: 0]
[deterministic: 1]
[force_col_wise: 0]
[force_row_wise: 1]
[histogram_pool_size: -1]
[max_depth: -1]
[min_data_in_leaf: 20]
[min_sum_hessian_in_leaf: 0.001]
[bagging_fraction: 1]
[pos_bagging_fraction: 1]
[neg_bagging_fraction: 1]
[bagging_freq: 0]
[bagging_seed: 3]
[bagging_by_query: 0]
[feature_fraction: 1]
[feature_fraction_bynode: 1]
[feature_fraction_seed: 2]
[extra_trees: 0]
[extra_seed: 6]
[early_stopping_round: 0]
[early_stopping_min_delta: 0]
[first_metric_only: 0]
[max_delta_step: 0]
[lambda_l1: 0]
[lambda_l2: 0]
[linear_lambda: 0]
[min_gain_to_split: 0]
[drop_rate: 0.1]
[max_drop: 50]
[skip_drop: 0.5]
[xgboost_dart_mode: 0]
[uniform_drop: 0]
[drop_seed: 4]
[top_rate: 0.2]
[other_rate: 0.1]
[min_data_per_group: 100]
[max_cat_threshold: 32]
[cat_l2: 10]
[cat_smooth: 10]
[max_cat_to_onehot: 4]
[top_k: 20]
[monotone_constraints: ]
[monotone_constraints_method: basic]
[monotone_penalty: 0]
[feature_contri: ]
[forcedsplits_filename: ]
[refit_decay_rate: 0.9]
[cegb_tradeoff: 1]
[cegb_penalty_split: 0]
[cegb_penalty_feature_lazy: ]
[cegb_penalty_feature_coupled: ]
[path_smooth: 0]
[interaction_constraints: ]
[verbosity: -1]
[saved_feature_importance_type: 0]
[use_quantized_grad: 0]
[num_grad_quant_bins: 4]
[quant_train_renew_leaf: 0]
[stochastic_rounding: 1]
[linear_tree: 0]
[max_bin: 255]
[max_bin_by_feature: ]
[min_data_in_bin: 3]
[bin_construct_sample_cnt: 200000]
[data_random_seed: 1]
[is_enable_sparse: 1]
[enable_bundle: 1]
[use_missing: 1]
[zero_as_missing: 0]
[feature_pre_filter: 1]
[pre_partition: 0]
[two_round: 0]
[header: 0]
[label_column: ]
[weight_column: ]
[group_column: ]
[ignore_column: ]
[categorical_feature: ]
[forcedbins_filename: ]
[precise_float_parser: 0]
[parser_config_file: ]
[objective_seed: 5]
[num_class: 1]
[is_unbalance: 0]
[scale_pos_weight: 1]
[sigmoid: 1]
[boost_from_average: 1]
[reg_sqrt: 0]
[alpha: 0.9]
[fair_c: 1]
[poisson_max_delta_step: 0.7]
[tweedie_variance_power: 1.5]
[lambdarank_truncation_level: 30]
[lambdarank_norm: 1]
[label_gain: ]
[lambdarank_position_bias_regularization: 0]
[eval_at: ]
[multi_error_top_k: 1]
[auc_mu_weights: ]
[num_machines: 1]
[local_listen_port: 12400]
[time_out: 120]
[machine_list_filename: ]
[machines: ]
[gpu_platform_id: -1]
[gpu_device_id: -1]
[gpu_device_id_list: ]
[gpu_use_dp: 0]
[num_gpu: 1]

end of parameters

pandas_categorical:[]
